Workbook

Sheet DB
A1: ID paziente | B1: ='Scheda descrittiva parametri'!B1 -> Neonatal | C1: ='Scheda descrittiva parametri'!C1 -> Febbre | D1: ='Scheda descrittiva parametri'!D1 -> valore_temperatura_massima | E1: ='Scheda descrittiva parametri'!E1 -> data_temperatura_max | F1: ='Scheda descrittiva parametri'!F1 -> Ipotermia | G1: ='Scheda descrittiva parametri'!G1 -> valore_temperatura_min | H1: ='Scheda descrittiva parametri'!H1 -> data_temperatura_min | I1: ='Scheda descrittiva parametri'!I1 -> Brividi | ... L1: ='Scheda descrittiva parametri'!L1 -> valore_pressione_sistolica_min | M1: ='Scheda descrittiva parametri'!O1 -> data_valore_pressione_diastolica_min | N1: ='Scheda descrittiva parametri'!P1 -> tachicardia | O1: ='Scheda descrittiva parametri'!Q1 -> valore_frequenza_cardiaca_max | P1: ='Scheda descrittiva parametri'!R1 -> data_frequenza_max | Q1: ='Scheda descrittiva parametri'!S1 -> bradicardia | R1: ='Scheda descrittiva parametri'!T1 -> valore_frequenza_cardiaca_min | S1: ='Scheda descrittiva parametri'!U1 -> data_frequenza_min | T1: ='Scheda descrittiva parametri'!V1 -> apnea | ... GY1: ='Scheda descrittiva parametri'!HA1

Sheet Scheda descrittiva parametri
A1: Parametro | B1: Neonatal | C1: Febbre | D1: valore_temperatura_massima | E1: data_temperatura_max | F1: Ipotermia | G1: valore_temperatura_min | H1: data_temperatura_min | I1: Brividi | J1: data_brividi | K1: ipotensione | L1: valore_pressione_sistolica_min | M1: data_valore_pressione_sistolica_min | N1: valore_pressione_diastolica_min | O1: data_valore_pressione_diastolica_min | P1: tachicardia | Q1: valore_frequenza_cardiaca_max | R1: data_frequenza_max | S1: bradicardia | T1: valore_frequenza_cardiaca_min | U1: data_frequenza_min | V1: apnea | W1: apnea_lunga | X1: apnea_corta | Y1: tempo_apnea_max | Z1: data_apnea_max | AA1: cianosi | AB1: data_cianosi | AC1: pallore | AD1: data_pallore | AE1: ipotonia_marcata | AF1: data_ipotonia | AG1: n_emocolture_positive | AH1: data_emocoltura_positiva1 | AI1: ora_emocoltura1 | AJ1: data_emocoltura_positiva2 | AK1: ora_emocoltura2 | AL1: distanza_emocolture_ore | AM1: distanza_emocolture<48h | AN1: nome_microrganismo_isolato1 | AO1: patogeno_riconosciuto1 | AP1: contaminante_pelle1 | AQ1: nome_microrganismo_isolato2 | AR1: patogeno_riconosciuto2 | AS1: contaminante_pelle2 | AT1: CNS_emocoltura | AU1: n_colture_liquido_cerebrospinale_pos | AV1: data_coltura_liquido_cerebrospinale | AW1: nome_patogeno_liquido_cerebrospinale | AX1: CNS_liquido_cerebrospinale | AY1: n_isolamento_da_cvc | AZ1: data_isolamento_da_cvc | BA1: ora_isolamento_da_cvc | BB1: nome_microrganismo_cvc | BC1: CNS_cvc | BD1: n_isolamento_da_pvc | BE1: data_isolamento_da_pvc | BF1: ora_isolamento_da_pvc | BG1: nome_microrganismo_pvc | BH1: CNS_pvc | BI1: PCR | BJ1: PCR_max | BK1: data_PCR_max | BL1: I/T_ratio | BM1: I/T_ratio_max | BN1: data_I/T_ratio_max | BO1: leukocytes | BP1: leukocytes_min | BQ1: data_leukocytes_min | BR1: platelets | BS1: platelets_min | BT1: data_platelets_min | BU1: data_ingresso_in_ospedale | BV1: ora_ingresso_in_ospedale | BW1: luogo_origine_pz | BX1: data_inserimento_dispositivo | BY1: dispositivo_antecedente | BZ1: tipo_dispositivo_inserito | CA1: nato_in_ospedale | CB1: data_rimozione_cvc | CC1: ora_rimozione_cvc | CD1: carica_batterica_catetere_quantitativa | CE1: carica_batterica_catetere_semiquantitativa | CF1: blood_culture_ratio | CG1: dd_positivity_cultures | CH1: dd_positivity_cultures_tempo | CI1: culture_positivity_cvc_pus | CJ1: date_culture_cvc_pus | CK1: microrganismo_isolato_pus_cvc | CL1: culture_positivity_pvc_pus | CM1: date_culture_cvp_pus | CN1: microrganismo_isolato_pus_pvc | CO1: Miglioramento_clinico_post-rimozione_catetere | CP1: data_rimozione_catetere | CQ1: TC_pre-rimozione_cat | CR1: TC_48h_post-rimozione_cat | CS1: miglioramento_TC_48h_dopo | CT1: eritema_pre-rimozione_cat | CU1: eritema_48h_post-rimozione_cat | CV1: miglioramento_eritema_48h_dopo | CW1: pus_pre-rimozione_cat | CX1: pus_48h_post-rimozione_cat | CY1: miglioramento_pus_48h_dopo | CZ1: coltura_BAL_pos | DA1: data_coltura_BAL_pos | DB1: microrganismo_BAL | DC1: coltura_aspirato_tracheale_pos | DD1: data_coltura_aspirato_tracheale_pos | DE1: microrganismo_aspirato_tracheale | DF1: coltura_escreato_pos | DG1: data_coltura_escreato_pos | DH1: microrganismo_escreato | DI1: urinocoltura_pos | DJ1: data_urinocoltura_pos | DK1: microrganismo_urinocoltura | DL1: tampone_ferita_chirurgica_pos | DM1: data_tampone_ferita_chirurgica_pos | DN1: microrganismo_tampone_ferita_chirurgica | DO1: biopsia_tessuto_pos | DP1: data_biopsia_tessuto_pos | DQ1: microrganismo_biopsia_tessuto | DR1: coltura_ascesso_pos | DS1: data_coltura_ascesso_pos | DT1: microrganismo_coltura_ascesso | DU1: coltura_protesi_pos | DV1: data_coltura_protesi_pos | DW1: microrganismo_coltura_protesi | DX1: rx_torace_infiltrato | DY1: rx_torace_consolidamento | DZ1: rx_torace_cavitazione | EA1: tc_torace_segni_polmonite | EB1: sintomo_tosse | EC1: sintomo_dispnea | ED1: sintomo_tachipnea | EE1: segno_espettorato_purulento | EF1: segno_emottisi | EG1: auscultazione_ronchi | EH1: auscultazione_suoni_resp_alterati | EI1: desaturazione | EJ1: sintomo_urgenza_minzionale | EK1: sintomo_pollachiuria | EL1: sintomo_disuria | EM1: sintomo_dolore_sovrapubico | EN1: segno_giordano_pos | EO1: presenza_catetere_vescicale | EP1: imaging_ascesso_addominale | EQ1: osservazione_chirurgica_pus | ER1: osservazione_chirurgica_ascesso | ES1: sintomo_nausea | ET1: sintomo_vomito | EU1: sintomo_dolore_addominale | EV1: segno_addome_acuto | EW1: drenaggio_purulento_addome | EX1: ssi_pus | EY1: ssi_dolore | EZ1: ssi_edema | FA1: ssi_eritema | FB1: ssi_calore_locale | FC1: ssi_deiscenza_spontanea | FD1: ssi_apertura_dal_chirurgo | FE1: ssi_diagnosi_medica | FF1: sst_secrezione_purulenta | FG1: sst_pustole | FH1: sst_foruncoli | FI1: sst_dolore_localizzato | FJ1: sst_calore_localizzato | FK1: decu_arrossamento_bordi | FL1: decu_indurimento_bordi | FM1: decu_secrezione_purulenta | FN1: bone_imaging_pos | FO1: bone_dolore_locale | FP1: bone_gonfiore_locale | FQ1: men_cefalea | FR1: men_rigidita_nucale | FS1: men_segni_nervi_cranici | FT1: liquor_leucociti_elevati | FU1: liquor_glucosio_basso | FV1: endo_imaging_vegetazione | FW1: endo_nuovo_soffio | FX1: endo_ascesso_valvolare | FY1: BSI | FZ1: CA-BSI | GA1: HA-BSI | GB1: CRI3-CVC | GC1: CRI3-PVC | GD1: C-CVC | GE1: C-PVC | GF1: Secondarie | GG1: S-PUL | GH1: S-UTI | GI1: S-DIG | GJ1: S-SSI | GK1: S-SST | GL1: S-OTH | GM1: SCONOSCIUTA | GN1: NEO-LCBI | GO1: NEO-CNSB | GP1: CURR | GQ1: OHOSP | GR1: LTCF | GS1: OTHUNK
A2: Popolazione | B2: All | C2: All | D2: All | E2: All | F2: neonatale | G2: neonatale | H2: neonatale | I2: adulti | J2: adulti | K2: adulti | L2: adulti | M2: adulti | N2: adulti | O2: adulti | P2: neonatale | Q2: neonatale | R2: neonatale | S2: neonatale | T2: neonatale | U2: neonatale | V2: neonatale | W2: neonatale | X2: neonatale | Y2: neonatale | Z2: neonatale | AA2: neonatale | AB2: neonatale | AC2: neonatale | AD2: neonatale | AE2: neonatale | AF2: neonatale | AG2: All | AH2: All | AI2: All | AJ2: All | AK2: All | AL2: All | AM2: All | AN2: All | AO2: All | AP2: All | AQ2: All | AR2: All | AS2: All | AT2: neonatale | AU2: neonatale | AV2: neonatale | AW2: neonatale | AX2: neonatale | AY2: all | AZ2: all | BA2: adulti | BB2: all | BC2: neonatale | BD2: all | BE2: all | BF2: adulti | BG2: all | BH2: neonatale | BI2: neonatale | BJ2: neonatale | BK2: neonatale | BL2: neonatale | BM2: neonatale | BN2: neonatale | BO2: neonatale | BP2: neonatale | BQ2: neonatale | BR2: neonatale | BS2: neonatale | BT2: neonatale | BU2: adulti | BV2: adulti | BW2: adulti | BX2: adulti | BY2: adulti | BZ2: adulti | CA2: neonatale | CB2: adulti | CC2: adulti | CD2: adulti | CE2: adulti | CF2: adulti | CG2: adulti | CH2: adulti | CI2: adulti | CJ2: adulti | CK2: adulti | CL2: adulti | CM2: adulti | CN2: adulti | CO2: adulti | CP2: adulti | CQ2: adulti | CR2: adulti | CS2: adulti | CT2: adulti | CU2: adulti | CV2: adulti | CW2: adulti | CX2: adulti | CY2: adulti | CZ2: adulti | DA2: adulti | DB2: adulti | DC2: adulti | DD2: adulti | DE2: adulti | DF2: adulti | DG2: adulti | DH2: adulti | DI2: adulti | DJ2: adulti | DK2: adulti | DL2: adulti | DM2: adulti | DN2: adulti | DO2: adulti | DP2: adulti | DQ2: adulti | DR2: adulti | DS2: adulti | DT2: adulti | DU2: adulti | DV2: adulti | DW2: adulti | DX2: adulti | DY2: adulti | DZ2: adulti | EA2: adulti | EB2: adulti | EC2: adulti | ED2: adulti | EE2: adulti | EF2: adulti | EG2: adulti | EH2: adulti | EI2: adulti | EJ2: adulti | EK2: adulti | EL2: adulti | EM2: adulti | EN2: adulti | EO2: adulti | EP2: adulti | EQ2: adulti | ER2: adulti | ES2: adulti | ET2: adulti | EU2: adulti | EV2: adulti | EW2: adulti | EX2: adulti | EY2: adulti | EZ2: adulti | FA2: adulti | FB2: adulti | FC2: adulti | FD2: adulti | FE2: adulti | FF2: adulti | FG2: adulti | FH2: adulti | FI2: adulti | FJ2: adulti | FK2: adulti | FL2: adulti | FM2: adulti | FN2: adulti | FO2: adulti | FP2: adulti | FQ2: adulti | FR2: adulti | FS2: adulti | FT2: adulti | FU2: adulti | FV2: adulti | FW2: adulti | FX2: adulti | FY2: All | FZ2: All | GA2: All | GB2: adulti | GC2: adulti | GD2: adulti | GE2: adulti | GF2: adulti | GG2: adulti | GH2: adulti | GI2: adulti | GJ2: adulti | GK2: adulti | GL2: adulti | GM2: adulti | GN2: neonatale | GO2: neonatale | GP2: All | GQ2: All | GR2: adulti | GS2: All
A3: Descrizione del parametro | B3: Indica se il paziente è un neonato (età ≤ 30 giorni) o un adulto/pediatrico (età > 30 giorni) al momento dell'insorgenza dell'infezione. | C3: Presenza di febbre, definita come temperatura corporea maggiore o uguale a 38,0°C. | D3: Valore della temperatura corporea massima registrata. Espressa in °C. | E3: Data di rilevazione della temperatura corporea massima. | F3: Presenza di ipotermia, definita come temperatura corporea inferiore a 36,5°C. | G3: Valore della temperatura corporea minima registrata, espressa in °C. | H3: Data di rilevazione della temperatura corporea minima. | I3: Presenza di brividi (sensazione di freddo accompagnata da tremore muscolare involontario). | J3: Data di insorgenza o rilevazione dei brividi. | K3: Presenza di ipotensione, definita come pressione sistolica < 90mmHg o diastolica < 60mmHg. | L3: Valore della pressione arteriosa sistolica minima registrata. Espresso in mmHg. | M3: Data di rilevazione della pressione arteriosa sistolica minima. | N3: Valore della pressione arteriosa diastolica minima registrata. Espresso in mmHg. | O3: Data di rilevazione della pressione arteriosa diastolica minima. | P3: Presenza di tachicardia, definita come frequenza cardiaca superiore a 160bpm. | Q3: Valore della frequenza cardiaca massima registrata. Espressa in bpm. | R3: Data di rilevazione della frequenza cardiaca massima. | S3: Presenza di bradicardia, definita come frequenza cardiaca inferiore a 100bpm. | T3: Valore della frequenza cardiaca minima registrata. Espressa in bpm. | U3: Data di rilevazione della frequenza cardiaca minima. | V3: Presenza di apnea, definita come un'interruzione del respiro prolungata (apnea lunga) oppure breve (apnea corta) se associata a bradicardia, cianosi, pallore o ipotonia marcata. | W3: Presenza di apnea prolungata, definita come un'interruzione del respiro di durata uguale o superiore a 20 secondi. | X3: Presenza di apnea breve, definita come un'interruzione del respiro di durata compresa tra 5 e 19 secondi. | Y3: Il tempo di apnea massimo individuato nel diario clinico, espressa in secondi. | Z3: Data di rilevazione dell'episodio di apnea di durata massima. | AA3: Presenza di cianosi (colorazione bluastra o violacea della cute o delle mucose causata da ridotta ossigenazione). | AB3: Data di rilevazione della cianosi. | AC3: Presenza di pallore cutaneo (colorazione della pelle o delle mucose più chiara rispetto al normale, dovuta a ridotto flusso sanguigno o bassa emoglobina). | AD3: Data di rilevazione del pallore cutaneo. | AE3: Presenza di ipotonia marcata (riduzione severa del tono muscolare a riposo, postura a 'bambola di pezza' con arti appiattiti e marcata debolezza del collo nel sollevamento). | AF3: Data di rilevazione dell'ipotonia marcata. | AG3: Numero totale di emocolture con esito positivo registrate per il paziente. | AH3: Data del prelievo della prima emocoltura con esito positivo. | AI3: Ora del prelievo della prima emocoltura con esito positivo. | AJ3: Data del prelievo della seconda emocoltura con esito positivo. | AK3: Ora del prelievo della seconda emocoltura con esito positivo. | AL3: Intervallo temporale, espresso in ore, tra il prelievo della prima emocoltura e della seconda. | AM3: Indica se l'intervallo temporale tra il prelievo della prima e della seconda emocoltura è inferiore a 48 ore. | AN3: Nome del genere e della specie del microrganismo isolato nella prima emocoltura positiva. | AO3: Indica se il microrganismo isolato nella prima emocoltura è considerato un patogeno significativo, escludendo i comuni contaminanti (Stafilococchi coagulasi-negativi, Micrococcus sp., Propionibacterium acnes, Bacillus sp.). | AP3: Indica se il microrganismo isolato nella prima emocoltura è un potenziale contaminante (Stafilococchi coagulasi-negativi, Micrococcus sp., Propionibacterium acnes, Bacillus sp.). | AQ3: Nome del genere e della specie del microrganismo isolato nella seconda emocoltura positiva. | AR3: Indica se il microrganismo isolato nella seconda emocoltura è considerato un patogeno significativo, escludendo i comuni contaminanti (Stafilococchi coagulasi-negativi, Micrococcus sp., Propionibacterium acnes, Bacillus sp.). | AS3: Indica se il microrganismo isolato nella seconda emocoltura è un potenziale contaminante (Stafilococchi coagulasi-negativi, Micrococcus sp., Propionibacterium acnes, Bacillus sp.). | AT3: Indica se il microrganismo isolato è uno stafilococco coagulasi-negativo (CNS). | AU3: Numero totale di colture da liquido cerebrospinale con esito positivo registrate per il paziente. | AV3: Data di esecuzione del prelievo del liquido cerebrospinale (liquor) per l'esame colturale. | AW3: Nome del genere e della specie del microrganismo isolato dall'esame colturale del liquido cerebrospinale (liquor). | AX3: Indica se il microrganismo isolato dal liquido cerebrospinale (liquor) appartiene alla categoria degli stafilococchi coagulasi-negativi (CNS). | AY3: Numero totale di isolamenti microbiologici ottenuti da campioni prelevati tramite catetere venoso centrale - CVC. | AZ3: Data di esecuzione del prelievo microbiologico effettuato tramite catetere venoso centrale (CVC). | BA3: Ora di esecuzione del prelievo microbiologico effettuato tramite catetere venoso centrale (CVC). | BB3: Nome del genere e della specie del microrganismo isolato dal campione prelevato tramite catetere venoso centrale (CVC). | BC3: Indica se il microrganismo isolato dalla punta del catetere venoso centrale (o tramite prelievo da catetere CVC) appartiene alla categoria degli stafilococchi coagulasi-negativi (CNS). | BD3: Numero totale di isolamenti microbiologici ottenuti da campioni prelevati tramite catetere venoso periferico - CVP. | BE3: Data di esecuzione del prelievo microbiologico effettuato tramite catetere venoso periferico (CVP). | BF3: Ora di esecuzione del prelievo microbiologico effettuato tramite catetere venoso periferico (CVP). | BG3: Nome del genere e della specie del microrganismo isolato dal campione prelevato tramite catetere venoso periferico (CVP). | BH3: Indica se il microrganismo isolato dalla punta del catetere venoso periferico (o tramite prelievo da catetere CVP) appartiene alla categoria degli stafilococchi coagulasi-negativi (CNS). | BI3: Indica se il valore massimo di Proteina C Reattiva (PCR) registrato è superiore a 2,0 mg/dL. | BJ3: Valore massimo di Proteina C Reattiva (PCR) registrato. Espresso in mg/dL. | BK3: Data in cui è stato registrato il valore massimo di Proteina C Reattiva (PCR). | BL3: Indica se il rapporto tra neutrofili immaturi e neutrofili totali (I/T ratio) è superiore a 0,2. | BM3: Valore massimo registrato del rapporto tra neutrofili immaturi e totali (I/T ratio). | BN3: Data in cui è stato registrato il valore massimo del rapporto tra neutrofili immaturi e totali (I/T ratio). | BO3: Andiamo a vedere se i leukocytes < 5/nL | BP3: Valore minimo di leucociti (globuli bianchi) registrato. Espresso come "numero di leucociti/nL". | BQ3: Data in cui è stato registrato il valore minimo di leucociti (globuli bianchi). | BR3: Indica se il conteggio delle piastrine è inferiore a 100/nL. | BS3: Valore minimo di piastrine registrato espresso in "numero di piastrine/nL". | BT3: Data in cui è stato registrato il valore minimo di piastrine. | BU3: Data di ammissione del paziente presso la struttura ospedaliera, corrispondente alla prima annotazione cronologica del diario clinico. | BV3: Orario di ammissione del paziente presso la struttura ospedaliera, corrispondente alla prima annotazione temporale riportata nel diario clinico. | BW3: Luogo di provenienza del paziente al momento del ricovero (es. domicilio, RSA, altro ospedale, senza fissa dimora). | BX3: Data di posizionamento di un dispositivo medico invasivo (es. CVC, catetere vescicale, tubo endotracheale) avvenuto durante l'attuale ricovero e in data antecedente all'insorgenza dell'infezione. | BY3: Indica se il paziente era già portatore di un dispositivo medico invasivo (es. CVC, catetere vescicale, PEG, tracheostomia) al momento dell'ammissione in ospedale. | BZ3: Tipologia di dispositivo medico invasivo (es. CVC, CVP, catetere vescicale, tubo endotracheale) posizionato durante il ricovero attuale in data antecedente all'esordio dei sintomi. | CA3: Indica se la nascita del paziente è avvenuta all'interno della medesima struttura e durante lo stesso ricovero in cui si è verificato l'episodio di batteriemia (paziente inborn). | CB3: Data di rimozione del catetere venoso centrale (CVC) utilizzato per il prelievo microbiologico o presente al momento dell'infezione. | CC3: Orario di rimozione del catetere (CVC o CVP) utilizzato per il prelievo microbiologico o presente al momento dell'infezione. | CD3: Valore numerico della carica batterica isolata da campione di catetere tramite metodica quantitativa, espresso in Unità Formanti Colonia per millilitro (CFU/mL). | CE3: Valore numerico della carica batterica isolata da segmento di catetere tramite metodica semi-quantitativa, espresso in Unità Formanti Colonia (CFU). | CF3: Indica se il rapporto tra la carica batterica dell'emocoltura quantitativa da CVC e quella da sangue periferico è superiore a 5. | CG3: Indica se il Differential Time to Positivity (DTP) tra l'emocoltura da catetere (CVC) e quella da sangue periferico è superiore a 2 ore. | CH3: Valore numerico del differenziale temporale di positività (DTP) tra l'emocoltura da CVC e quella da sangue periferico (prelevate contemporaneamente). | CI3: Indica la presenza di colture microbiologiche positive da campioni di materiale purulento (pus) prelevati dal sito di inserzione cutanea o dal tunnel del catetere venoso centrale (CVC). | CJ3: Data in cui è stato eseguito il prelievo di materiale purulento (pus) dal sito di inserzione o dal tunnel del catetere (CVC) per l'esame colturale. | CK3: Nome del microrganismo (batterio o micete) identificato tramite esame colturale del materiale purulento (pus) prelevato dal sito di inserzione o dal tunnel del CVC. | CL3: Indica la presenza di colture microbiologiche positive da campioni di materiale purulento (pus) prelevati dal sito di inserzione cutanea di un catetere venoso periferico (CVP). | CM3: Data in cui è stato eseguito il prelievo di materiale purulento (pus) dal sito di inserzione di un catetere venoso periferico (CVP) per l'esame colturale. | CN3: Nome del microrganismo (batterio o micete) identificato tramite esame colturale del materiale purulento (pus) prelevato dal sito di inserzione di un catetere venoso periferico (CVP). | CO3: Indica se si è verificato un miglioramento del quadro clinico del paziente (es. defervescenza, scomparse eritema e/o pus al sito di inserzione) entro 48 ore dalla rimozione del catetere venoso (CVC o CVP). | CP3: Data di effettiva rimozione del catetere venoso (CVC o CVP) sospettato di essere la fonte dell'infezione, necessaria per il calcolo del miglioramento clinico a 48 ore. | CQ3: Valore dell'ultima temperatura corporea rilevata e documentata immediatamente prima della rimozione del catetere venoso (CVC o CVP). | CR3: Valore della temperatura corporea rilevata a distanza di 48 ore dalla rimozione del catetere venoso (CVC o CVP). | CS3: Indica se si è verificata una riduzione della temperatura corporea (defervescenza) o il ripristino della normotermia entro 48 ore dalla rimozione del catetere venoso (CVC o CVP). | CT3: Indica la presenza di eritema (arrossamento cutaneo) nel sito di inserzione del catetere (CVC o CVP) documentata nelle 48 ore precedenti la sua rimozione. | CU3: Indica la persistenza o la comparsa di eritema nel sito di precedente inserzione del catetere (CVC o CVP) rilevata a distanza di 48 ore dalla sua rimozione. | CV3: Indica se si è verificata una riduzione dell'estensione o dell'intensità dell'eritema (o la sua completa risoluzione) nel sito di inserzione entro 48 ore dalla rimozione del catetere (CVC o CVP). | CW3: Indica la presenza di secrezione purulenta (pus) nel sito di inserzione del catetere (CVC o CVP) documentata nelle 48 ore precedenti la sua rimozione. | CX3: Indica la persistenza o la comparsa di secrezione purulenta (pus) nel sito di precedente inserzione del catetere (CVC o CVP) rilevata a distanza di 48 ore dalla sua rimozione. | CY3: Indica se si è verificata la scomparsa o la significativa riduzione della secrezione purulenta (pus) nel sito di inserzione entro 48 ore dalla rimozione del catetere (CVC o CVP). | CZ3: Indica la positività microbiologica del Lavaggio Broncoalveolare (BAL), con carica batterica superiore alla soglia diagnostica (solitamente $\ge 10^4$ CFU/ml). | DA3: Data in cui è stata eseguita la procedura di Lavaggio Broncoalveolare (BAL) risultata positiva all'esame microbiologico. | DB3: Nome del microrganismo (batterio o micete) isolato e identificato tramite esame colturale del Lavaggio Broncoalveolare (BAL). | DC3: Indica la positività microbiologica dell'aspirato tracheale (ETA), con carica batterica superiore alla soglia diagnostica (solitamente $\ge 10^5$ CFU/ml). | DD3: Data in cui è stato eseguito il prelievo di aspirato tracheale (ETA) risultato positivo all'esame microbiologico. | DE3: Nome del microrganismo (batterio o micete) identificato tramite esame colturale quantitativo del secreto prelevato tramite aspirato tracheale (ETA). | DF3: Indica la positività microbiologica dell'esame colturale dell'escreato (espettorato), previa verifica dell'idoneità del campione tramite Score di Murray (presenza di leucociti e scarsità di cellule epiteliali). | DG3: Data in cui è stato raccolto il campione di escreato (espettorato) risultato positivo all'esame microbiologico. | DH3: Nome del microrganismo (batterio o micete) isolato tramite esame colturale del campione di escreato (espettorato) ritenuto clinicamente significativo. | DI3: Indica la positività microbiologica dell'urinocoltura, definita dalla presenza di una carica batterica significativa (solitamente $\ge 10^5$ CFU/ml) per uno o più patogeni urinari. | DJ3: Data in cui è stato raccolto il campione di urine risultato positivo all'esame microbiologico (urinocoltura). | DK3: Nome del microrganismo (batterio o micete) identificato tramite urinocoltura con carica batterica clinicamente significativa. | DL3: Indica la positività microbiologica del tampone eseguito su una ferita chirurgica, con isolamento di microrganismi patogeni. | DM3: Data in cui è stato effettuato il prelievo del tampone dalla ferita chirurgica risultato positivo all'esame microbiologico. | DN3: Nome del microrganismo (batterio o micete) identificato tramite l'esame colturale del tampone prelevato dalla ferita chirurgica. | DO3: Indica la positività microbiologica di un campione di tessuto prelevato tramite biopsia chirurgica o percutanea, con isolamento di microrganismi patogeni tramite coltura o esame istologico (colorazioni speciali). | DP3: Data in cui è stato effettuato il prelievo bioptico del tessuto (osseo, cutaneo profondo o d'organo) risultato positivo all'esame microbiologico o istologico. | DQ3: Nome del microrganismo (batterio o micete) identificato tramite esame colturale o indagini molecolari su campione di tessuto prelevato biopticamente. | DR3: Indica la positività microbiologica del materiale purulento prelevato da un ascesso tramite aspirazione percutanea o drenaggio chirurgico, con isolamento di microrganismi patogeni. | DS3: Data in cui è stato effettuato il prelievo del materiale purulento (tramite aspirazione o drenaggio di un ascesso) risultato positivo all'esame microbiologico. | DT3: Nome del microrganismo (batterio o micete) identificato tramite l'esame colturale del materiale purulento prelevato da una raccolta ascessuale. | DU3: Indica la positività microbiologica dell'esame colturale eseguito su una protesi rimossa (es. ortopedica, vascolare, valvolare) o sul liquido di sonicazione della stessa, con isolamento di microrganismi patogeni. | DV3: Data in cui è stata effettuata la rimozione chirurgica del dispositivo protesico o il prelievo del campione inviato per l'esame colturale (o sonicazione) risultato positivo. | DW3: Nome del microrganismo (batterio o micete) identificato tramite l'esame colturale o la tecnica di sonicazione della protesi rimossa. | DX3: Indica la presenza di nuovi o progressivi infiltrati polmonari, consolidamenti o opacità documentati tramite radiografia del torace (RX torace), compatibili con un quadro di polmonite. | DY3: Indica la presenza di aree di consolidamento parenchimale (addensamenti con perdita di aerazione polmonare) rilevate tramite radiografia del torace, suggestive di polmonite o focolaio infettivo. | DZ3: Indica la presenza di cavità all'interno di un'area di consolidamento polmonare (immagini a contenuto aereo o idroaereo) rilevate tramite radiografia del torace, suggestive di ascesso polmonare o necrosi tissutale. | EA3: Indica la presenza di segni radiologici documentati tramite Tomografia Computerizzata (TC) compatibili con polmonite, quali: aree di 'vetro smerigliato' (ground-glass), consolidamenti parenchimali, noduli con 'segno dell'alone' o linfoadenopatie ilari. | EB3: Indica la presenza di tosse riportata dal paziente o rilevata obiettivamente, sia essa di tipo secco (stizzosa) o produttivo (con espettorazione), come segno clinico di coinvolgimento delle vie respiratorie. | EC3: Indica la presenza di difficoltà respiratoria (fame d'aria) riferita dal paziente o rilevata obiettivamente, manifestata come aumento dello sforzo respiratorio, tachipnea o necessità di ossigenoterapia supplementare. | ED3: Indica un aumento della frequenza respiratoria superiore al limite normale (solitamente $> 20$ atti al minuto nell'adulto), rilevata durante l'esame obiettivo o tramite monitoraggio dei parametri vitali. | EE3: Indica la presenza di espettorato di aspetto purulento (giallastro o verdastro), denso e opaco, espulso tramite la tosse, indicativo di un'infezione batterica attiva delle vie respiratorie. | EF3: Indica l'emissione di sangue dalle vie respiratorie, solitamente tramite la tosse (espettorato ematico), proveniente dalla laringe, dalla trachea, dai bronchi o dal parenchima polmonare. | EG3: Indica la presenza di rumori respiratori patologici di tipo secco (ronchi) percepiti durante l'auscultazione toracica e prodotti dal passaggio dell'aria attraverso bronchi ostruiti da secrezioni dense o da edema della mucosa. | EH3: Indica una qualsiasi alterazione dei suoni fisiologici (murmure vescicolare) rilevata durante l'auscultazione del torace, che includa la riduzione o l'assenza del respiro (silenzio respiratorio) o la presenza di rumori aggiunti patologici non meglio specificati. | EI3: Indica una riduzione della saturazione di ossigeno nel sangue arterioso (SpO2) al di sotto dei valori normali (< 91%), rilevata tramite pulsossimetria o emogasanalisi. | EJ3: Indica la comparsa improvvisa di un desiderio impellente e improcrastinabile di urinare, difficile da rimandare, spesso associato a infezioni delle basse vie urinarie (cistite) o irritazione vescicale. | EK3: Indica un aumento anomalo della frequenza delle minzioni durante le 24 ore, con emissione di piccole quantità di urina ogni volta, non correlato a un aumento dell'introito di liquidi. | EL3: Indica la presenza di dolore, bruciore o fastidio durante l'emissione di urina, spesso associato a difficoltà nell'iniziare la minzione; è un segno tipico di infiammazione o infezione dell'uretra e della vescica. | EM3: Indica la presenza di dolore, tensione o senso di peso localizzato nella regione ipogastrica (parte inferiore dell'addome, sopra l'osso pubico), tipicamente associato a processi infiammatori o infettivi della vescica (cistite). | EN3: Indica la positività alla manovra di Giordano, ovvero l'insorgenza di dolore acuto alla percussione della loggia renale (angolo costovertebrale). È un segno clinico indicativo di infiammazione renale, tipico della pielonefrite o di calcolosi ostruttiva. | EO3: Indica la presenza di un catetere vescicale a dimora al momento della valutazione o la sua rimozione avvenuta nelle 48 ore precedenti; tale condizione è un fattore di rischio per infezioni delle vie urinarie | EP3: Indica la documentazione radiologica di una raccolta purulenta intra-addominale o pelvica tramite Tomografia Computerizzata (TC), Risonanza Magnetica (RM) o Ecografia (Eco). | EQ3: Indica il riscontro obiettivo di materiale purulento (pus) all'interno della cavità addominale o di un organo, documentato dal chirurgo durante un intervento (laparotomico o laparoscopico) o una procedura di drenaggio. | ER3: Indica il riscontro intraoperatorio di una raccolta purulenta circoscritta (ascesso) o di una cavità ascessuale documentata dal chirurgo nel verbale operatorio, sia essa integra o drenata durante la procedura. | ES3: Indica la sensazione soggettiva di sgradevolezza e di imminente bisogno di vomitare, riferita dal paziente, localizzata tipicamente alla gola o all'epigastrio, che può precedere o meno l'emesi (vomito). | ET3: Indica l'espulsione forzata e involontaria del contenuto gastrico attraverso la bocca (emesi), oggettivamente rilevata o riferita dal paziente, indipendentemente dalla natura del materiale espulso. | EU3: Indica la presenza di dolore o fastidio localizzato in una qualsiasi regione dell'addome, riferito dal paziente o rilevato durante la palpazione. Include descrizioni di dolore crampiforme, trafittivo, gravativo o diffuso. | EV3: Indica una condizione clinica d'emergenza caratterizzata da dolore addominale violento e segni obiettivi di irritazione peritoneale (es. addome a tavola, difesa addominale involontaria, assenza di rumori intestinali) che suggeriscono una patologia intraddominale grave, spesso di pertinenza chirurgica. | EW3: Indica la fuoriuscita di materiale francamente purulento (pus), denso e opaco, dai drenaggi chirurgici precedentemente posizionati all'interno della cavità addominale. Il riscontro deve essere documentato nelle note infermieristiche o nel diario clinico. | EX3: Indica la presenza di secrezione purulenta (pus) che fuoriesce spontaneamente o dopo manovra di spremitura dai margini della ferita chirurgica o dall'incisione. È un criterio clinico primario per la diagnosi di infezione del sito chirurgico superficiale o profonda. | EY3: Indica la presenza di dolore localizzato o dolorabilità alla palpazione in corrispondenza della ferita chirurgica, che può manifestarsi come sintomo riferito dal paziente o come segno obiettivo di flogosi locale durante la medicazione. | EZ3: Indica la presenza di gonfiore o tumefazione localizzata (edema) dei tessuti circostanti la ferita chirurgica, spesso associato a tensione dei margini, che può suggerire un accumulo di liquidi (sieroma, ematoma) o un processo infettivo in corso. | FA3: Indica la presenza di arrossamento cutaneo (eritema) localizzato lungo i margini della ferita chirurgica o nei tessuti circostanti l'incisione, indicativo di infiammazione o infezione in atto. | FB3: Indica un aumento della temperatura cutanea percepibile al tatto (ipertermia locale) in corrispondenza della ferita chirurgica o dei tessuti perilesionali, segno di aumentata vascolarizzazione dovuta a infiammazione o infezione. | FC3: Indica la separazione parziale o totale dei margini della ferita chirurgica, precedentemente suturata, che avviene in modo non intenzionale (spontaneo). Può interessare i soli strati superficiali (cute/sottocute) o quelli profondi (fascia/muscolo). | FD3: Indica la riapertura intenzionale dei margini della ferita chirurgica effettuata dal chirurgo (es. rimozione di punti o agrette), motivata dal sospetto clinico di un'infezione profonda, un ascesso o un ematoma sottocutaneo. | FE3: Indica la presenza di una diagnosi formale e documentata in cartella clinica di 'Infezione del Sito Chirurgico' (SSI), superficiale o profonda, o di 'Infezione della ferita chirurgica', espressa esplicitamente dal medico o dal chirurgo. | FF3: Indica la documentazione in cartella clinica di essudato o secrezioni di aspetto purulento (pus), dense e di colore variabile (giallastro, verdastro, grigiastro), provenienti da una lesione cutanea, un'ulcera o un'area di flogosi dei tessuti molli. | FG3: Indica il riscontro clinico di pustole, piccole lesioni cutanee rilevate, circoscritte e a contenuto purulento (pus), documentate in cartella clinica. Sono tipiche di processi infettivi superficiali come follicoliti, impetigine o altre piodermiti. | FH3: Indica il riscontro clinico di un'infiammazione acuta e profonda dell'apparato pilo-sebaceo (foruncolo), caratterizzata da un nodulo dolente, eritematoso e con tendenza alla necrosi centrale (fittone). Può essere segnalato come singolo o multiplo (foruncolosi). | FI3: Indica la segnalazione in cartella di dolore, dolenzia o iperalgesia circoscritta a un'area specifica della cute o dei tessuti sottostanti. Il dolore può essere spontaneo o evocato dalla palpazione e rappresenta uno dei segni cardine della flogosi locale (SST). | FJ3: Indica il riscontro clinico di un aumento della temperatura cutanea circoscritto a una specifica area del corpo (ipertermia locale), percepito al tatto o tramite termometria cutanea. È un segno semeiologico fondamentale di infiammazione o infezione sottostante (es. cellulite o ascesso). | FK3: Indica il riscontro in cartella clinica di eritema o arrossamento della cute perilesionale (attorno ai bordi) di un'ulcera da decubito. È un segno indicativo di flogosi locale, potenziale colonizzazione batterica critica o infezione del tessuto cutaneo circostante. | FL3: Indica la presenza di indurimento dei tessuti (edema duro o induramento) situati lungo il perimetro o nella zona perilesionale di un'ulcera da decubito. Tale reperto, rilevato alla palpazione, può suggerire un'estensione dell'infezione ai tessuti molli profondi o la formazione di una tasca ascessuale. | FM3: Indica il riscontro documentato di essudato purulento (pus) che drena dal letto o dai bordi di un'ulcera da decubito. Il materiale è tipicamente denso, opaco e di colore variabile (giallastro, verdastro o brunastro), segno clinico di infezione locale in atto. | FN3: Indica il riscontro radiologico di segni compatibili con infezione ossea (osteomielite) tramite Radiografia (RX), Risonanza Magnetica (RM), Tomografia Computerizzata (TC) o Scintigrafia. Include evidenze di erosione ossea, reazione periostale, sequestri ossei o edema midollare (in RM). | FO3: Indica la segnalazione di dolore profondo, persistente e localizzato in corrispondenza di un segmento osseo, spesso accentuato dalla pressione o dal carico. Nel contesto clinico, è un sintomo cardine riferito dal paziente che suggerisce un processo infiammatorio o infettivo a carico dell'osso (osteomielite). | FP3: Indica il riscontro di tumefazione o edema dei tessuti molli sovrastanti un segmento osseo sospetto per infezione. Il gonfiore è spesso associato a tensione cutanea e può riflettere un'infiammazione periostale o la formazione di un ascesso sottoperiostale/extraparietale (osteomielite). | FQ3: Indica la segnalazione di mal di testa (cefalea) di nuova insorgenza o peggioramento di una cefalea cronica. Nel sospetto di meningite, è spesso descritta come intensa, diffusa (olocranica) e talvolta associata a fotofobia o fonofobia. | FR3: Indica la resistenza o l'impossibilità di flettere passivamente il capo verso il torace a causa della contrattura dei muscoli nucali. È un segno patognomonico di irritazione meningea, spesso rilevato insieme ai segni di Brudzinski o Kerning durante l'esame obiettivo neurologico. | FS3: Indica la presenza di deficit neurologici focali a carico dei nervi cranici (I-XII), come alterazioni della motilità oculare, asimmetria facciale, ptosi palpebrale, diplopia o disfagia. Nel contesto di una meningite, possono indicare un processo infiammatorio basale o una complicanza compressiva. | FT3: Indica il riscontro di un numero di globuli bianchi (leucociti) nel liquido cerebrospinale superiore ai valori di riferimento (pleiocitosi), solitamente $> 5$ cellule/$\mu L$. Il parametro documenta la presenza di infiammazione delle meningi, distinguendo tra prevalenza di neutrofili (tipica delle forme batteriche) o linfociti (tipica delle forme virali/tubercolari). | FU3: Indica una concentrazione di glucosio nel liquido cefalorachidiano (glicorachia) inferiore ai valori di riferimento, solitamente $< 40$ mg/dL o con un rapporto liquor/sangue $< 0.6$. Il consumo di glucosio (ipoglicorachia) è un segno tipico di meningite batterica, tubercolare o fungina, dovuto al metabolismo dei patogeni e delle cellule infiammatorie. | FV3: Indica il riscontro ecocardiografico (transtoracico o transesofageo) di una massa intracardiaca oscillante (vegetazione) su una valvola, sulle strutture di supporto, nel tragitto di getti rigurgitanti o su materiale protesico, in assenza di un'altra spiegazione anatomica. | FW3: Indica il riscontro all'auscultazione cardiaca di un soffio di nuova insorgenza o il significativo cambiamento (accentuazione o variazione di timbro) di un soffio preesistente. È un segno indicativo di rigurgito valvolare acuto o turbolenza emodinamica causata da vegetazioni o distruzione tessutale valvolare. | FX3: Indica il riscontro ecocardiografico (ETT o ETE) o radiologico (TC cardiaca) di una zona ecopriva (vuota) o ipodensa situata nel tessuto perivalvolare o nel miocardio adiacente, non comunicante con il lume cardiaco. Rappresenta una complicanza suppurativa dell'endocardite infettiva che coinvolge l'anello valvolare o il setto. | FY3: "Categorise as adult BSI case any non-neonate patient with: 1) One positive blood culture for a recognised pathogen OR patient has at least one of the following signs or symptoms: fever (>38°C), chills, or hypotension AND two positive blood cultures for a common skin contaminant8 (from two separate blood samples, usually within 48 hours)." fonte Definizione BSI PPS ECDC | FZ3: BSI che non rientra nella definizione di HA-BSI | GA3: "A BSI case is considered healthcare-associated (HA-BSI) when it meets any of the following criteria: - Day 3 onwards (with day of admission being Day 1) OR - Day 1 or Day 2 AND patient discharged from healthcare facility in preceding 48 hours. OR - Day 1 or Day 2 AND patient has relevant device inserted on this admission prior to onset. OR - Day 1 or Day 2 in newborns delivered in hospital." Fonte ECDC PPS | GB3: "CRI3-CVC/CRI3-PVC9: Catheter related with cultural isolation of the same microorganism. More specifically: BSI occurring 48 hours before or after catheter removal AND positive culture with the same microorganism of quantitative CVC/PVC culture ≥ 103 CFU/ml or semi-quantitative CVC/PVC culture > 15 CFU; OR BSI occurring with or without catheter removal, AND: CVC-related if at least one of: quantitative blood culture ratio of CVC blood sample/peripheral blood sample > 5; differential delay of positivity of blood cultures: CVC blood sample culture positive two hours or more before peripheral blood culture (blood samples drawn at the same time); positive culture with the same microorganism from pus from CVC insertion site. PVC-related if positive culture with the same microorganism from pus from insertion site." Fonte ECDC PPS | GC3: "CRI3-CVC/CRI3-PVC9: Catheter related with cultural isolation of the same microorganism. More specifically: BSI occurring 48 hours before or after catheter removal AND positive culture with the same microorganism of quantitative CVC/PVC culture ≥ 103 CFU/ml or semi-quantitative CVC/PVC culture > 15 CFU; OR BSI occurring with or without catheter removal, AND: CVC-related if at least one of: quantitative blood culture ratio of CVC blood sample/peripheral blood sample > 5; differential delay of positivity of blood cultures: CVC blood sample culture positive two hours or more before peripheral blood culture (blood samples drawn at the same time); positive culture with the same microorganism from pus from CVC insertion site. PVC-related if positive culture with the same microorganism from pus from insertion site." Fonte ECDC PPS | GD3: "C-CVC/C-PVC: Catheter related due to clinical suspicion (e.g., symptoms improve within 48 hours after catheter removal) AND no microbiological confirmation." Fonte ECDC PPS | GE3: "C-CVC/C-PVC: Catheter related due to clinical suspicion (e.g., symptoms improve within 48 hours after catheter removal) AND no microbiological confirmation." Fonte ECDC PPS | GF3: "the same microorganism was isolated from another infection site, or strong clinical evidence exists that bloodstream infection was secondary to another infection site, invasive diagnostic procedure or foreign body:" Fonte ECDC PPS | GG3: pulmonary | GH3: urinary tract infection | GI3: digestive tract infection | GJ3: surgical site infection | GK3: skin and soft tissue | GL3: other | GM3: "Unknown origin (UO): none of the above, bloodstream infection of unknown source." Fonte ECDC PPS | GN3: "NEO-LCBI – for BSI in neonatal patients (less than 1 month from birth) with positive microbiology (excluding coagulase-negative staphylococci). Categorise as NEO-LCBI case neonate patient with: - At least two of: temperature >38°C or <36.5°C or temperature instability, tachycardia or bradycardia, apnoea, extended capillary refilling time (CRT), metabolic acidosis, hyperglycaemia, other sign of BSI such as apathy; AND - A recognised pathogen other than coagulase-negative staphylococci (CNS) cultured from blood or cerebrospinal fluid (CSF; this is included because meningitis in this age group is usually haematogenous, so positive CSF can be regarded as evidence of BSI even if blood cultures are negative or were not taken)." Fonte ECDC PPS | GO3: "NEO-CNSB - for BSI in neonatal patients (less than 1 month from birth) with coagulase-negative staphylococci detection. Categorise as NEO-CNSB case neonate patient with: - At least two of: temperature > 38°C or < 36.5°C or temperature instability, tachycardia or bradycardia, apnoea, extended capillary refilling time, metabolic acidosis, hyperglycaemia, other sign of BSI such as apathy; AND - CNS is cultured from blood or catheter tip; AND - Patient has one of: C-reactive protein > 2.0 mg/dL, immature/total neutrophil ratio (I/T ratio) > 0.2, leukocytes < 5/nL, platelets < 100/nL. If both the case definitions for NEO-LCBI and NEO-CNSB are matched, report NEO-LCBI." Fonte ECDC PPS | GP3: Infection is associated with (CURR) current hospital | GQ3: Infection is associated with another hospital. Infections present at admission may be associated with a previous stay in your hospital or a transfer from another healthcare facility. | GR3: Infection is associated with a long-term care facility. Infections present at admission may be associated with a previous stay in your hospital or a transfer from another healthcare facility. | GS3: Infection is associated with other origin or unknown. The category ‘other origin or unknown’ can be used, for example, for infections with an onset after day 2 of the current hospitalisation for which the association is not clear.
A4: Descrizione del parametro sintetica | B4: SE età <= 30 giorni al momento dell'insorgenza dell'infezione. | C4: SE temperatura corporea >= 38,0 gradi C | D4: temperatura corporea massima in gradi C | E4: data temperatura corporea massima | F4: SE temperatura corporea < 36,5 gradi C | G4: temperatura corporea minima in gradi C | H4: data temperatura corporea minima | I4: SE brividi (freddo e tremore muscolare involontario) | J4: data brividi | K4: SE pressione sistolica < 90mmHg o diastolica < 60mmHg | L4: pressione sistolica minima in mmHg | M4: data pressione sistolica minima | N4: pressione diastolica minima in mmHg | O4: data pressione diastolica minima | P4: SE frequenza cardiaca > 160bpm | Q4: frequenza cardiaca massima in bpm | R4: data frequenza cardiaca massima | S4: SE frequenza cardiaca < 100bpm | T4: frequenza cardiaca minima in bpm | U4: data frequenza cardiaca minima | V4: SE apnea lunga OPPURE (apnea corta E (bradicardia O cianosi O pallore O ipotonia marcata)) | W4: SE durata apnea >= 20 secondi | X4: SE durata apnea >= 5 E <= 19 secondi | Y4: tempo apnea massimo in secondi | Z4: data apnea massima | AA4: SE cianosi (colorazione bluastra o violacea per ridotta ossigenazione) | AB4: data cianosi | AC4: SE pallore cutaneo (pelle o mucose più chiare per ridotto flusso o bassa emoglobina) | AD4: data pallore cutaneo | AE4: SE ipotonia marcata (riduzione severa tono muscolare, postura a 'bambola di pezza') | AF4: data ipotonia marcata | AG4: numero totale emocolture positive | AH4: data prima emocoltura positiva | AI4: ora prima emocoltura positiva | AJ4: data seconda emocoltura positiva | AK4: ora seconda emocoltura positiva | AL4: ore tra prima e seconda emocoltura | AM4: SE intervallo tra prima e seconda emocoltura < 48 ore | AN4: genere e specie primo microrganismo isolato in emocoltura | AO4: SE primo microrganismo isolato in emocoltura è patogeno significativo (NON contaminante) | AP4: SE primo microrganismo isolato in emocoltura è potenziale contaminante cutaneo | AQ4: genere e specie secondo microrganismo isolato in emocoltura | AR4: SE secondo microrganismo isolato in emocoltura è patogeno significativo (NON contaminante) | AS4: SE secondo microrganismo isolato in emocoltura è potenziale contaminante cutaneo | AT4: SE microrganismo isolato in emocoltura è stafilococco coagulasi-negativo (CNS) | AU4: numero totale colture liquor positive | AV4: data prelievo liquido cerebrospinale (liquor) | AW4: genere e specie microrganismo isolato nel liquor | AX4: SE microrganismo isolato nel liquor è stafilococco coagulasi-negativo (CNS) | AY4: numero totale isolamenti da CVC | AZ4: data prelievo da CVC | BA4: ora prelievo da CVC | BB4: genere e specie microrganismo isolato da CVC | BC4: SE microrganismo isolato da CVC è stafilococco coagulasi-negativo (CNS) | BD4: numero totale isolamenti da CVP | BE4: data prelievo da CVP | BF4: ora prelievo da CVP | BG4: genere e specie microrganismo isolato da CVP | BH4: SE microrganismo isolato da CVP è stafilococco coagulasi-negativo (CNS) | BI4: SE Proteina C Reattiva (PCR) > 2,0 mg/dL | BJ4: valore massimo Proteina C Reattiva (PCR) in mg/dL | BK4: data valore massimo Proteina C Reattiva (PCR) | BL4: SE rapporto neutrofili immaturi/totali (I/T ratio) > 0,2 | BM4: valore massimo rapporto neutrofili immaturi/totali (I/T ratio) | BN4: data valore massimo rapporto neutrofili immaturi/totali (I/T ratio) | BO4: SE leucociti < 5/nL | BP4: valore minimo leucociti in /nL | BQ4: data valore minimo leucociti (globuli bianchi) | BR4: SE piastrine < 100/nL | BS4: valore minimo piastrine in /nL | BT4: data valore minimo piastrine | BU4: data ammissione in ospedale | BV4: ora ammissione in ospedale | BW4: luogo di provenienza del paziente al ricovero | BX4: data inserimento dispositivo medico invasivo durante il ricovero | BY4: SE presenza di dispositivo medico invasivo all'ammissione | BZ4: tipologia dispositivo medico invasivo inserito durante il ricovero | CA4: SE paziente nato nella stessa struttura del ricovero (inborn) | CB4: data rimozione catetere venoso centrale (CVC) | CC4: ora rimozione catetere (CVC o CVP) | CD4: carica batterica quantitativa da catetere in CFU/mL | CE4: carica batterica semiquantitativa da catetere in CFU | CF4: SE rapporto emocoltura quantitativa CVC/sangue periferico > 5 | CG4: SE Differential Time to Positivity (DTP) CVC/sangue periferico > 2 ore | CH4: differenziale temporale di positività (DTP) tra CVC e sangue periferico | CI4: SE presenza di colture positive da materiale purulento (pus) da sito CVC | CJ4: data prelievo materiale purulento (pus) da sito o tunnel CVC | CK4: microrganismo isolato da materiale purulento (pus) da sito o tunnel CVC | CL4: SE presenza di colture positive da materiale purulento (pus) da sito CVP | CM4: data prelievo materiale purulento (pus) da sito CVP | CN4: microrganismo isolato da materiale purulento (pus) da sito CVP | CO4: SE miglioramento clinico entro 48 ore dalla rimozione del catetere (CVC/CVP) | CP4: data rimozione catetere (CVC o CVP) sospetto sito d'infezione | CQ4: ultima temperatura corporea pre-rimozione catetere (CVC/CVP) | CR4: temperatura corporea a 48 ore dalla rimozione del catetere (CVC/CVP) | CS4: SE miglioramento o risoluzione dello stato febbrile entro 48 ore dalla rimozione del catetere (CVC/CVP) | CT4: SE presenza di eritema al sito di inserzione del catetere (CVC o CVP) pre-rimozione | CU4: SE presenza o persistenza di eritema al sito di inserzione 48 ore dopo la rimozione del catetere (CVC o CVP) | CV4: SE riduzione o risoluzione dell'eritema al sito di inserzione entro 48 ore dalla rimozione del catetere (CVC/CVP) | CW4: presenza di pus al sito di inserzione del catetere (CVC o CVP) pre-rimozione | CX4: presenza di pus al sito di inserzione 48 ore dopo la rimozione del catetere (CVC o CVP) | CY4: riduzione del pus al sito di inserzione entro 48 ore dalla rimozione del catetere (CVC/CVP) | CZ4: SE coltura BAL positiva con carica >= 10^4 CFU/ml | DA4: data coltura BAL positiva | DB4: nome microrganismo isolato da BAL | DC4: SE coltura aspirato tracheale positiva con carica >= 10^5 CFU/ml | DD4: data coltura aspirato tracheale positiva | DE4: nome microrganismo isolato da aspirato tracheale | DF4: SE coltura escreato positiva con campione idoneo per Score di Murray | DG4: data coltura escreato positiva | DH4: nome microrganismo isolato da escreato clinicamente significativo | DI4: SE urinocoltura positiva con carica >= 10^5 CFU/ml | DJ4: data urinocoltura positiva | DK4: nome microrganismo isolato da urinocoltura significativa | DL4: SE tampone ferita chirurgica positivo con isolamento microrganismi patogeni | DM4: data tampone ferita chirurgica positivo | DN4: nome microrganismo isolato da tampone ferita chirurgica | DO4: SE biopsia tessuto positiva con isolamento microrganismi patogeni tramite coltura o istologia | DP4: data biopsia tessuto positiva | DQ4: nome microrganismo isolato da biopsia tessuto tramite coltura o indagine molecolare | DR4: SE coltura ascesso positiva con isolamento microrganismi patogeni da aspirazione o drenaggio | DS4: data coltura ascesso positiva | DT4: nome microrganismo isolato da coltura ascesso | DU4: SE coltura protesi o liquido di sonicazione positiva con isolamento microrganismi patogeni | DV4: data coltura protesi o liquido di sonicazione positiva | DW4: nome microrganismo isolato da coltura o sonicazione protesi | DX4: SE presenza di nuovi o progressivi infiltrati, consolidamenti o opacita alla RX torace | DY4: SE presenza di aree di consolidamento parenchimale alla RX torace | DZ4: SE presenza di cavita a contenuto aereo o idroaereo alla RX torace | EA4: SE presenza di segni TC quali ground-glass, consolidamenti, noduli con segno alone o linfoadenopatie ilari | EB4: SE presenza di tosse secca o produttiva | EC4: SE presenza di difficolta respiratoria o aumento sforzo respiratorio o tachipnea o necessità di ossigeno supplementare | ED4: SE frequenza respiratoria > 20 atti/minuto | EE4: SE presenza di espettorato purulento (giallastro o verdastro) denso e opaco tramite tosse | EF4: SE presenza di sangue dalle vie respiratorie tramite tosse (espettorato ematico) | EG4: SE presenza di rumori respiratori secchi (ronchi) all'auscultazione | EH4: SE presenza di alterazioni del murmure vescicolare, riduzione o assenza del respiro o rumori patologici aggiunti non specificati all'auscultazione toracica | EI4: SE saturazione ossigeno nel sangue (SpO2) < 91% | EJ4: SE presenza di desiderio improvviso e impellente di urinare difficile da rimandare | EK4: SE aumento frequenza minzioni nelle 24 ore con piccole quantità di urina non correlate a maggiori liquidi | EL4: SE presenza di dolore, bruciore o fastidio durante l'emissione di urina o difficoltà nell'iniziare la minzione | EM4: SE presenza di dolore, tensione o senso di peso in regione ipogastrica | EN4: SE dolore acuto alla percussione della loggia renale indicativo di infiammazione renale o calcolosi | EO4: SE presenza di catetere vescicale a dimora o rimosso nelle 48 ore precedenti | EP4: SE presenza di ascesso addominale o pelvico documentato tramite TC, RM o Ecografia | EQ4: SE presenza di pus in cavità addominale o organo rilevata durante intervento chirurgico o drenaggio | ER4: SE presenza di ascesso o cavità ascessuale documentata dal chirurgo durante intervento o procedura di drenaggio | ES4: SE presenza di nausea | ET4: SE presenza di episodi di vomito (emesi) | EU4: SE presenza di dolore a livello addominale riferito o alla palpazione | EV4: SE dolore addominale violento con segni di irritazione peritoneale (addome a tavola, difesa involontaria, assenza rumori intestinali) | EW4: SE presenza di pus dai drenaggi chirurgici addominali | EX4: SE presenza di pus dai margini della ferita o dall'incisione (spontanea o dopo spremitura) | EY4: SE presenza di dolore localizzato o dolorabilità alla palpazione della ferita chirurgica | EZ4: SE presenza di edema dei tessuti circostanti la ferita chirurgica o tensione dei margini | FA4: SE presenza di eritema localizzato lungo i margini o nei tessuti circostanti la ferita chirurgica | FB4: SE presenza di calore o aumento della temperatura cutanea percepibile al tatto sulla ferita chirurgica o tessuti perilesionali | FC4: SE separazione parziale o totale dei margini della ferita chirurgica che avviene in modo spontaneo (superficiale o profondo) | FD4: SE riapertura intenzionale dei margini della ferita effettuata dal chirurgo per sospetta infezione, ascesso o ematoma | FE4: SE presenza di diagnosi formale di Infezione del Sito Chirurgico (SSI) o della ferita chirurgica | FF4: SE presenza di essudato o secrezioni purulente (pus) da lesione cutanea, ulcera o tessuti molli | FG4: SE presenza di pustole (piccole lesioni circoscritte a contenuto purulento) | FH4: SE presenza di foruncoli con nodulo dolente, eritematoso e necrosi centrale | FI4: SE dolore, dolenzia o iperalgesia in area specifica cute o tessuti sottostanti | FJ4: SE ipertermia locale cutanea in area specifica o tessuti sottostanti | FK4: SE eritema perilesionale di ulcera da decubito | FL4: SE indurimento dei tessuti perilesionali di ulcera da decubito | FM4: SE presenza di pus drenante da ulcera da decubito | FN4: SE presenza di segni radiologici di osteomielite (RX, RM, TC o scintigrafia) | FO4: SE presenza di dolore profondo, persistente e localizzato su segmento osseo | FP4: SE presenza di tumefazione o edema dei tessuti molli sovrastanti un segmento osseo | FQ4: SE presenza di cefalea intensa di nuova insorgenza o olocranica (sospetto meningite) | FR4: SE presenza di resistenza o impossibilità di flessione passiva del capo per contrattura muscoli nucali | FS4: SE presenza di deficit neurologici focali dei nervi cranici (es. motilità oculare, asimmetria facciale, diplopia) | FT4: SE presenza di pleiocitosi liquorale (leucociti > 5 cellule/uL) indicativa di infiammazione meningea | FU4: SE presenza di concentrazione glucosio nel liquor < 40 mg/dL o rapporto liquor/sangue < 0.6 | FV4: SE presenza di massa intracardiaca oscillante (vegetazione) rilevata all'ecocardiografia (TTE o TEE) | FW4: SE presenza di nuovo soffio cardiaco o variazione significativa di un soffio preesistente | FX4: SE presenza di ascesso - zona ecopriva o ipodensa - in tessuto perivalvolare o miocardio (ETT, ETE o TC)
A5: Tipologia fonte | B5: Strutturata | C5: DB | D5: Non strutturata | E5: Non strutturata | F5: DB | G5: Non strutturata | H5: Non strutturata | I5: Non strutturata | J5: Non strutturata | K5: Non strutturata | L5: Non strutturata | M5: Non strutturata | N5: Non strutturata | O5: Non strutturata | P5: Non strutturata | Q5: Non strutturata | R5: Non strutturata | S5: Non strutturata | T5: Non strutturata | U5: Non strutturata | V5: DB | W5: Non strutturata | X5: Non strutturata | Y5: Non strutturata | Z5: Non strutturata | AA5: Non strutturata | AB5: Non strutturata | AC5: Non strutturata | AD5: Non strutturata | AE5: Non strutturata | AF5: Non strutturata | AG5: Strutturata | AH5: Strutturata | AI5: Strutturata | AJ5: Strutturata | AK5: Strutturata | AL5: DB | AM5: DB | AN5: Strutturata | AO5: DB | AP5: DB | AQ5: Strutturata | AR5: DB | AS5: DB | AT5: DB | AU5: Strutturata | AV5: Strutturata | AW5: Strutturata | AX5: DB | AY5: Strutturata | AZ5: Strutturata | BA5: Strutturata | BB5: Strutturata | BC5: DB | BD5: Strutturata | BE5: Strutturata | BF5: Strutturata | BG5: Strutturata | BH5: DB | BI5: DB | BJ5: Strutturata | BK5: Strutturata | BL5: DB | BM5: Strutturata | BN5: Strutturata | BO5: DB | BP5: Strutturata | BQ5: Strutturata | BR5: DB | BS5: Strutturata | BT5: Strutturata | BU5: Non strutturata | BV5: Non strutturata | BW5: Non strutturata | BX5: Non strutturata | BY5: Non strutturata | BZ5: Non strutturata | CA5: Non strutturata | CB5: Non strutturata | CC5: Non strutturata | CD5: Strutturata | CE5: Strutturata | CF5: Strutturata | CG5: DB | CH5: DB | CI5: Strutturata | CJ5: Strutturata | CK5: Strutturata | CL5: Strutturata | CM5: Strutturata | CN5: Strutturata | CO5: Non strutturata | CP5: Non strutturata | CQ5: Non strutturata | CR5: Non strutturata | CS5: DB | CT5: Non strutturata | CU5: Non strutturata | CV5: DB | CW5: Non strutturata | CX5: Non strutturata | CY5: DB | CZ5: Strutturata | DA5: Strutturata | DB5: Strutturata | DC5: Strutturata | DD5: Strutturata | DE5: Strutturata | DF5: Strutturata | DG5: Strutturata | DH5: Strutturata | DI5: Strutturata | DJ5: Strutturata | DK5: Strutturata | DL5: Strutturata | DM5: Strutturata | DN5: Strutturata | DO5: Strutturata | DP5: Strutturata | DQ5: Strutturata | DR5: Strutturata | DS5: Strutturata | DT5: Strutturata | DU5: Strutturata | DV5: Strutturata | DW5: Strutturata | DX5: Non strutturata | DY5: Non strutturata | DZ5: Non strutturata | EA5: Non strutturata | EB5: Non strutturata | EC5: Non strutturata | ED5: Non strutturata | EE5: Non strutturata | EF5: Non strutturata | EG5: Non strutturata | EH5: Non strutturata | EI5: Non strutturata | EJ5: Non strutturata | EK5: Non strutturata | EL5: Non strutturata | EM5: Non strutturata | EN5: Non strutturata | EO5: Non strutturata | EP5: Non strutturata | EQ5: Non strutturata | ER5: Non strutturata | ES5: Non strutturata | ET5: Non strutturata | EU5: Non strutturata | EV5: Non strutturata | EW5: Non strutturata | EX5: Non strutturata | EY5: Non strutturata | EZ5: Non strutturata | FA5: Non strutturata | FB5: Non strutturata | FC5: Non strutturata | FD5: Non strutturata | FE5: Non strutturata | FF5: Non strutturata | FG5: Non strutturata | FH5: Non strutturata | FI5: Non strutturata | FJ5: Non strutturata | FK5: Non strutturata | FL5: Non strutturata | FM5: Non strutturata | FN5: Non strutturata | FO5: Non strutturata | FP5: Non strutturata | FQ5: Non strutturata | FR5: Non strutturata | FS5: Non strutturata | FT5: Non strutturata | FU5: Non strutturata | FV5: Non strutturata | FW5: Non strutturata | FX5: Non strutturata | FY5: Non strutturata | FZ5: Non strutturata | GA5: Non strutturata | GB5: Non strutturata | GC5: Non strutturata | GD5: Non strutturata | GE5: Non strutturata | GF5: Non strutturata | GG5: Non strutturata | GH5: Non strutturata | GI5: Non strutturata | GJ5: Non strutturata | GK5: Non strutturata | GL5: Non strutturata | GM5: Non strutturata | GN5: Non strutturata | GO5: Non strutturata | GP5: Non strutturata | GQ5: Non strutturata | GR5: Non strutturata | GS5: Non strutturata
A6: Fonte | B6: Classificazione fatta durante il processo di anonimizzazione | C6: Calcolo | D6: Cartella clinica | E6: Cartella clinica | F6: Calcolo | G6: Cartella clinica | H6: Cartella clinica | I6: Cartella clinica | J6: Cartella clinica | K6: Cartella clinica | L6: Cartella clinica | M6: Cartella clinica | N6: Cartella clinica | O6: Cartella clinica | P6: Cartella clinica | Q6: Cartella clinica | R6: Cartella clinica | S6: Cartella clinica | T6: Cartella clinica | U6: Cartella clinica | V6: Calcolo | W6: Cartella clinica | X6: Cartella clinica | Y6: Cartella clinica | Z6: Cartella clinica | AA6: Cartella clinica | AB6: Cartella clinica | AC6: Cartella clinica | AD6: Cartella clinica | AE6: Cartella clinica | AF6: Cartella clinica | AG6: Microbiologia | AH6: Microbiologia | AI6: Microbiologia | AJ6: Microbiologia | AK6: Microbiologia | AL6: Calcolo | AM6: Calcolo | AN6: Microbiologia | AO6: Calcolo | AP6: Calcolo | AQ6: Microbiologia | AR6: Calcolo | AS6: Calcolo | AT6: Calcolo | AU6: Microbiologia | AV6: Microbiologia | AW6: Microbiologia | AX6: Calcolo | AY6: Microbiologia | AZ6: Microbiologia | BA6: Microbiologia | BB6: Microbiologia | BC6: Calcolo | BD6: Microbiologia | BE6: Microbiologia | BF6: Microbiologia | BG6: Microbiologia | BH6: Calcolo | BI6: Calcolo | BJ6: Microbiologia | BK6: Microbiologia | BL6: Calcolo | BM6: Microbiologia | BN6: Microbiologia | BO6: Calcolo | BP6: Microbiologia | BQ6: Microbiologia | BR6: Calcolo | BS6: Microbiologia | BT6: Microbiologia | BU6: Cartella clinica | BV6: Cartella clinica | BW6: Cartella clinica | BX6: Cartella clinica | BY6: Cartella clinica | BZ6: Cartella clinica | CA6: Cartella clinica | CB6: Cartella clinica | CC6: Cartella clinica | CD6: Microbiologia | CE6: Microbiologia | CF6: Microbiologia | CG6: Calcolo | CH6: Microbiologia | CI6: Microbiologia | CJ6: Microbiologia | CK6: Microbiologia | CL6: Microbiologia | CM6: Microbiologia | CN6: Microbiologia | CO6: Calcolo | CP6: Cartella clinica | CQ6: Cartella clinica | CR6: Cartella clinica | CS6: Calcolo | CT6: Cartella clinica | CU6: Cartella clinica | CV6: Calcolo | CW6: Cartella clinica | CX6: Cartella clinica | CY6: Calcolo | CZ6: Microbiologia | DA6: Microbiologia | DB6: Microbiologia | DC6: Microbiologia | DD6: Microbiologia | DE6: Microbiologia | DF6: Microbiologia | DG6: Microbiologia | DH6: Microbiologia | DI6: Microbiologia | DJ6: Microbiologia | DK6: Microbiologia | DL6: Microbiologia | DM6: Microbiologia | DN6: Microbiologia | DO6: Microbiologia | DP6: Microbiologia | DQ6: Microbiologia | DR6: Microbiologia | DS6: Microbiologia | DT6: Microbiologia | DU6: Microbiologia | DV6: Microbiologia | DW6: Microbiologia | DX6: Cartella clinica | DY6: Cartella clinica | DZ6: Cartella clinica | EA6: Cartella clinica | EB6: Cartella clinica | EC6: Cartella clinica | ED6: Cartella clinica | EE6: Cartella clinica | EF6: Cartella clinica | EG6: Cartella clinica | EH6: Cartella clinica | EI6: Cartella clinica | EJ6: Cartella clinica | EK6: Cartella clinica | EL6: Cartella clinica | EM6: Cartella clinica | EN6: Cartella clinica | EO6: Cartella clinica | EP6: Cartella clinica | EQ6: Cartella clinica | ER6: Cartella clinica | ES6: Cartella clinica | ET6: Cartella clinica | EU6: Cartella clinica | EV6: Cartella clinica | EW6: Cartella clinica | EX6: Cartella clinica | EY6: Cartella clinica | EZ6: Cartella clinica | FA6: Cartella clinica | FB6: Cartella clinica | FC6: Cartella clinica | FD6: Cartella clinica | FE6: Cartella clinica | FF6: Cartella clinica | FG6: Cartella clinica | FH6: Cartella clinica | FI6: Cartella clinica | FJ6: Cartella clinica | FK6: Cartella clinica | FL6: Cartella clinica | FM6: Cartella clinica | FN6: Cartella clinica | FO6: Cartella clinica | FP6: Cartella clinica | FQ6: Cartella clinica | FR6: Cartella clinica | FS6: Cartella clinica | FT6: Cartella clinica | FU6: Cartella clinica | FV6: Cartella clinica | FW6: Cartella clinica | FX6: Cartella clinica | FY6: Cartella clinica + Micro | FZ6: Cartella clinica + Micro | GA6: Cartella clinica + Micro | GB6: Cartella clinica + Micro | GC6: Cartella clinica + Micro | GD6: Cartella clinica + Micro | GE6: Cartella clinica + Micro | GF6: Cartella clinica + Micro | GG6: Cartella clinica + Micro | GH6: Cartella clinica + Micro | GI6: Cartella clinica + Micro | GJ6: Cartella clinica + Micro | GK6: Cartella clinica + Micro | GL6: Cartella clinica + Micro | GM6: Cartella clinica + Micro | GN6: Cartella clinica + Micro | GO6: Cartella clinica + Micro | GP6: Cartella clinica + Micro | GQ6: Cartella clinica + Micro | GR6: Cartella clinica + Micro | GS6: Cartella clinica + Micro
A7: Metodo popolamento dato | B7: Manuale | C7: Calcolo | D7: LLM | E7: LLM | F7: Calcolo | G7: LLM | H7: LLM | I7: LLM | J7: LLM | K7: LLM | L7: LLM | M7: LLM | N7: LLM | O7: LLM | P7: LLM | Q7: LLM | R7: LLM | S7: LLM | T7: LLM | U7: LLM | V7: Calcolo | W7: LLM | X7: LLM | Y7: LLM | Z7: LLM | AA7: LLM | AB7: LLM | AC7: LLM | AD7: LLM | AE7: LLM | AF7: LLM | AG7: Micro | AH7: Micro | AI7: Micro | AJ7: Micro | AK7: Micro | AL7: calcolo | AM7: calcolo | AN7: Micro | AO7: Calcolo | AP7: Calcolo | AQ7: Micro | AR7: Calcolo | AS7: Calcolo | AT7: Calcolo | AU7: Micro | AV7: Micro | AW7: Micro | AX7: Calcolo | AY7: Micro | AZ7: Micro | BA7: Micro | BB7: Micro | BC7: Calcolo | BD7: Micro | BE7: Micro | BF7: Micro | BG7: Micro | BH7: Calcolo | BI7: Calcolo | BJ7: Micro | BK7: Micro | BL7: Calcolo | BM7: Micro | BN7: Micro | BO7: Calcolo | BP7: Micro | BQ7: Micro | BR7: Calcolo | BS7: Micro | BT7: Micro | BU7: LLM | BV7: LLM | BW7: LLM | BX7: LLM | BY7: LLM | BZ7: LLM | CA7: LLM | CB7: LLM | CC7: LLM | CD7: Micro | CE7: Micro | CF7: Micro | CG7: Calcolo | CH7: Micro | CI7: Micro | CJ7: Micro | CK7: Micro | CL7: Micro | CM7: Micro | CN7: Micro | CO7: Calcolo | CP7: LLM | CQ7: LLM | CR7: LLM | CS7: Calcolo | CT7: LLM | CU7: LLM | CV7: Calcolo | CW7: LLM | CX7: LLM | CY7: Calcolo | CZ7: Micro | DA7: Micro | DB7: Micro | DC7: Micro | DD7: Micro | DE7: Micro | DF7: Micro | DG7: Micro | DH7: Micro | DI7: Micro | DJ7: Micro | DK7: Micro | DL7: Micro | DM7: Micro | DN7: Micro | DO7: Micro | DP7: Micro | DQ7: Micro | DR7: Micro | DS7: Micro | DT7: Micro | DU7: Micro | DV7: Micro | DW7: Micro | DX7: LLM | DY7: LLM | DZ7: LLM | EA7: LLM | EB7: LLM | EC7: LLM | ED7: LLM | EE7: LLM | EF7: LLM | EG7: LLM | EH7: LLM | EI7: LLM | EJ7: LLM | EK7: LLM | EL7: LLM | EM7: LLM | EN7: LLM | EO7: LLM | EP7: LLM | EQ7: LLM | ER7: LLM | ES7: LLM | ET7: LLM | EU7: LLM | EV7: LLM | EW7: LLM | EX7: LLM | EY7: LLM | EZ7: LLM | FA7: LLM | FB7: LLM | FC7: LLM | FD7: LLM | FE7: LLM | FF7: LLM | FG7: LLM | FH7: LLM | FI7: LLM | FJ7: LLM | FK7: LLM | FL7: LLM | FM7: LLM | FN7: LLM | FO7: LLM | FP7: LLM | FQ7: LLM | FR7: LLM | FS7: LLM | FT7: LLM | FU7: LLM | FV7: LLM | FW7: LLM | FX7: LLM | FY7: LLM | FZ7: LLM | GA7: LLM | GB7: LLM | GC7: LLM | GD7: LLM | GE7: LLM | GF7: LLM | GG7: LLM | GH7: LLM | GI7: LLM | GJ7: LLM | GK7: LLM | GL7: LLM | GM7: LLM | GN7: LLM | GO7: LLM | GP7: LLM | GQ7: LLM | GR7: LLM | GS7: LLM
A8: Tipologia output | B8: boolean | C8: boolean | D8: float | E8: date | F8: boolean | G8: float | H8: date | I8: boolean | J8: date | K8: boolean | L8: int | M8: date | N8: int | O8: date | P8: boolean | Q8: int | R8: date | S8: boolean | T8: int | U8: date | V8: boolean | W8: boolean | X8: boolean | Y8: float | Z8: date | AA8: boolean | AB8: date | AC8: boolean | AD8: date | AE8: boolean | AF8: date | AG8: int | AH8: date | AI8: hour | AJ8: date | AK8: hour | AL8: int | AM8: boolean | AN8: string | AO8: boolean | AP8: boolean | AQ8: string | AR8: boolean | AS8: boolean | AT8: boolean | AU8: int | AV8: date | AW8: string | AX8: boolean | AY8: int | AZ8: date | BA8: hour | BB8: string | BC8: boolean | BD8: int | BE8: date | BF8: hour | BG8: string | BH8: boolean | BI8: boolean | BJ8: float | BK8: date | BL8: boolean | BM8: float | BN8: date | BO8: boolean | BP8: float | BQ8: date | BR8: boolean | BS8: int | BT8: date | BU8: date | BV8: hour | BW8: string | BX8: date | BY8: boolean | BZ8: string | CA8: boolean | CB8: date | CC8: hour | CD8: int | CE8: int | CF8: Boolean | CG8: Boolean | CH8: float | CI8: boolean | CJ8: date | CK8: string | CL8: boolean | CM8: date | CN8: string | CO8: Boolean | CP8: date | CQ8: float | CR8: float | CS8: Boolean | CT8: boolean | CU8: boolean | CV8: Boolean | CW8: boolean | CX8: boolean | CY8: Boolean | CZ8: Boolean | DA8: date | DB8: string | DC8: boolean | DD8: date | DE8: string | DF8: boolean | DG8: date | DH8: string | DI8: boolean | DJ8: date | DK8: string | DL8: boolean | DM8: date | DN8: string | DO8: boolean | DP8: date | DQ8: string | DR8: boolean | DS8: date | DT8: string | DU8: boolean | DV8: date | DW8: string | DX8: boolean | DY8: boolean | DZ8: boolean | EA8: boolean | EB8: boolean | EC8: boolean | ED8: boolean | EE8: boolean | EF8: boolean | EG8: boolean | EH8: boolean | EI8: boolean | EJ8: boolean | EK8: boolean | EL8: boolean | EM8: boolean | EN8: boolean | EO8: boolean | EP8: boolean | EQ8: boolean | ER8: boolean | ES8: boolean | ET8: boolean | EU8: boolean | EV8: boolean | EW8: boolean | EX8: boolean | EY8: boolean | EZ8: boolean | FA8: boolean | FB8: boolean | FC8: boolean | FD8: boolean | FE8: boolean | FF8: boolean | FG8: boolean | FH8: boolean | FI8: boolean | FJ8: boolean | FK8: boolean | FL8: boolean | FM8: boolean | FN8: boolean | FO8: boolean | FP8: boolean | FQ8: boolean | FR8: boolean | FS8: boolean | FT8: boolean | FU8: boolean | FV8: boolean | FW8: boolean | FX8: boolean | FY8: boolean | FZ8: boolean | GA8: boolean | GB8: boolean | GC8: boolean | GD8: boolean | GE8: boolean | GF8: boolean | GG8: boolean | GH8: boolean | GI8: boolean | GJ8: boolean | GK8: boolean | GL8: boolean | GM8: boolean | GN8: boolean | GO8: boolean | GP8: boolean | GQ8: boolean | GR8: boolean | GS8: boolean
A9: Esempio output | B9: neonato, adulto, non specificata | C9: si, no, non specificata | D9: 38.5, 39.1, non specificata, null | E9: GG/MM/AAAA, non specificata | F9: si, no, non specificata | G9: 35.2, 36.4, non specificata, null | H9: GG/MM/AAAA, non specificata | I9: si, no, non specificata | J9: GG/MM/AAAA, non specificata | K9: si, no, non specificata | L9: 85, 90, non specificata | M9: GG/MM/AAAA, non specificata | N9: 50, 58, non specificata | O9: GG/MM/AAAA, non specificata | P9: si, no, non specificata | Q9: 165, 172, non specificata | R9: GG/MM/AAAA, non specificata | S9: si, no, non specificata | T9: 48, 75, non specificata | U9: GG/MM/AAAA, non specificata | V9: si, no, non specificata | W9: si, no, non specificata | X9: si, no, non specificata | Y9: 25, 12, non specificata | Z9: GG/MM/AAAA, non specificata | AA9: si, no, non specificata | AB9: GG/MM/AAAA, non specificata | AC9: si, no, non specificata | AD9: GG/MM/AAAA, non specificata | AE9: si, no, non specificata | AF9: GG/MM/AAAA, non specificata | AG9: 0, 1, 2, non specificata | AH9: GG/MM/AAAA, non specificata | AI9: HH:MM, non specificata | AJ9: GG/MM/AAAA, non specificata | AK9: HH:MM, non specificata | AL9: 1, 12, 24, non specificata | AM9: si, no, non specificata | AN9: Escherichia coli, Staphylococcus aureus, non specificato | AO9: si, no, non specificata | AP9: si, no, non specificata | AQ9: Escherichia coli, Staphylococcus aureus, non specificato | AR9: si, no, non specificata | AS9: si, no, non specificata | AT9: si, no, non specificata | AU9: 0, 1, 2, non specificata | AV9: GG/MM/AAAA, non specificata | AW9: CNS, Streptococcus agalactiae, Listeria monocytogenes, non specificato | AX9: si, no, non specificata | AY9: 0, 1, 2, non specificata | AZ9: GG/MM/AAAA, non specificata | BA9: HH:MM, non specificata | BB9: Staphylococcus epidermidis, Candida albicans, non specificato | BC9: si, no, non specificata | BD9: 0, 1, 2, non specificata | BE9: GG/MM/AAAA, non specificata | BF9: HH:MM, non specificata | BG9: Staphylococcus epidermidis, Candida albicans, non specificato | BH9: si, no, non specificata | BI9: si, no, non specificata | BJ9: 5.2, 0.8, non specificata | BK9: GG/MM/AAAA, non specificata | BL9: si, no, non specificata | BM9: 0.25, 0.18, non specificata | BN9: GG/MM/AAAA, non specificata | BO9: si, no, non specificata | BP9: 3.2, 4.8, non specificata | BQ9: GG/MM/AAAA, non specificata | BR9: si, no, non specificata | BS9: 85, 120, non specificata | BT9: GG/MM/AAAA, non specificata | BU9: GG/MM/AAAA, non specificata | BV9: HH:MM, non specificata | BW9: domicilio, rsa, altro ospedale, senza fissa dimora, non specificata | BX9: GG/MM/AAAA, non specificata | BY9: si, no, non specificata | BZ9: CVC, CVP, PICC, Midline, catetere vescicale, tubo endotracheale, non specificata | CA9: si, no, non specificata | CB9: GG/MM/AAAA, non specificata | CC9: HH:MM, non specificata | CD9: 10^3, 10^5, non specificata | CE9: 15, 25, non specificata | CF9: si, no, non specificata | CG9: si, no, non specificata | CH9: 2.5, 4, non specificata | CI9: si, no, non specificata | CJ9: GG/MM/AAAA, non specificata | CK9: Staphylococcus aureus, Pseudomonas aeruginosa, Candida albicans, non specificata | CL9: si, no, non specificata | CM9: GG/MM/AAAA, non specificata | CN9: Staphylococcus epidermidis, Streptococcus pyogenes, non specificata | CO9: si, no, non specificata | CP9: GG/MM/AAAA, non specificata | CQ9: 38.5, 37.2, non specificata | CR9: 36.8, 37.5, non specificata | CS9: si, no, non specificata | CT9: si, no, non specificata | CU9: si, no, non specificata | CV9: si, no, non specificata | CW9: si, no, non specificata | CX9: si, no, non specificata | CY9: si, no, non specificata | CZ9: si, no, non specificata | DA9: GG/MM/AAAA, non specificata | DB9: Klebsiella pneumoniae, Aspergillus fumigatus, non specificata | DC9: si, no, non specificata | DD9: GG/MM/AAAA, non specificata | DE9: Acinetobacter baumannii, Stenotrophomonas maltophilia, non specificata | DF9: si, no, non specificata | DG9: GG/MM/AAAA, non specificata | DH9: Streptococcus pneumoniae, Haemophilus influenzae, non specificata | DI9: si, no, non specificata | DJ9: GG/MM/AAAA, non specificata | DK9: Escherichia coli, Enterococcus faecalis, Candida albicans, non specificata | DL9: si, no, non specificata | DM9: GG/MM/AAAA, non specificata | DN9: Staphylococcus aureus, Pseudomonas aeruginosa, non specificata | DO9: si, no, non specificata | DP9: GG/MM/AAAA, non specificata | DQ9: Staphylococcus epidermidis, Bacteroides fragilis, non specificata | DR9: si, no, non specificata | DS9: GG/MM/AAAA, non specificata | DT9: Bacteroides fragilis, Staphylococcus aureus, non specificata | DU9: si, no, non specificata | DV9: GG/MM/AAAA, non specificata | DW9: Staphylococcus epidermidis, Propionibacterium acnes, non specificata | DX9: si, no, non specificata | DY9: si, no, non specificata | DZ9: si, no, non specificata | EA9: si, no, non specificata | EB9: si, no, non specificata | EC9: si, no, non specificata | ED9: si, no, non specificata | EE9: si, no, non specificata | EF9: si, no, non specificata | EG9: si, no, non specificata | EH9: si, no, non specificata | EI9: si, no, non specificata | EJ9: si, no, non specificata | EK9: si, no, non specificata | EL9: si, no, non specificata | EM9: si, no, non specificata | EN9: si, no, non specificata | EO9: si, no, non specificata | EP9: si, no, non specificata | EQ9: si, no, non specificata | ER9: si, no, non specificata | ES9: si, no, non specificata | ET9: si, no, non specificata | EU9: si, no, non specificata | EV9: si, no, non specificata | EW9: si, no, non specificata | EX9: si, no, non specificata | EY9: si, no, non specificata | EZ9: si, no, non specificata | FA9: si, no, non specificata | FB9: si, no, non specificata | FC9: si, no, non specificata | FD9: si, no, non specificata | FE9: si, no, non specificata | FF9: si, no, non specificata | FG9: si, no, non specificata | FH9: si, no, non specificata | FI9: si, no, non specificata | FJ9: si, no, non specificata | FK9: si, no, non specificata | FL9: si, no, non specificata | FM9: si, no, non specificata | FN9: si, no, non specificata | FO9: si, no, non specificata | FP9: si, no, non specificata | FQ9: si, no, non specificata | FR9: si, no, non specificata | FS9: si, no, non specificata | FT9: si, no, non specificata | FU9: si, no, non specificata | FV9: si, no, non specificata | FW9: si, no, non specificata | FX9: si, no, non specificata | FY9: si, no, non specificata | FZ9: si, no, non specificata | GA9: si, no, non specificata | GB9: si, no, non specificata | GC9: si, no, non specificata | GD9: si, no, non specificata | GE9: si, no, non specificata | GF9: si, no, non specificata | GG9: si, no, non specificata | GH9: si, no, non specificata | GI9: si, no, non specificata | GJ9: si, no, non specificata | GK9: si, no, non specificata | GL9: si, no, non specificata | GM9: si, no, non specificata | GN9: si, no, non specificata | GO9: si, no, non specificata | GP9: si, no, non specificata | GQ9: si, no, non specificata | GR9: si, no, non specificata | GS9: si, no, non specificata
A10: Note | B10: Per garantire una anonimizzazione completa della documentazione sanitaria, durante la fase di anonimizzazione delle cartelle cliniche verrà eliminata la data di nascita del paziente. Ai fini di questo studio risulta quindi necessario che la suddivisione dei pazienti in "neonatali" o "pediatrici/adulti" venga svolta in maniera manuale dall'operatore della direzione sanitaria durante il procedimento di anonimizzazione della documentazione. Ai fini di questa classificazione intendiamo il pz come "neonato" se al momento dell'insorgenza della BSI questo avrà una età ≤ 30 giorni, mentre lo classificherà come adulto se la sua età è > 30 giorni. | E10: PENSAVO DI CAMBIARLO IN "Giornata 1", "Giornata 2"... | FY10: Questa sezione è facoltativa, per valutare quanto gli LLM sono in grado di fare diagnosi con un sistema "black box" | FZ10: Questa sezione è facoltativa, per valutare quanto gli LLM sono in grado di fare diagnosi con un sistema "black box" | GA10: Questa sezione è facoltativa, per valutare quanto gli LLM sono in grado di fare diagnosi con un sistema "black box" | GB10: Questa sezione è facoltativa, per valutare quanto gli LLM sono in grado di fare diagnosi con un sistema "black box" | GC10: Questa sezione è facoltativa, per valutare quanto gli LLM sono in grado di fare diagnosi con un sistema "black box" | GD10: Questa sezione è facoltativa, per valutare quanto gli LLM sono in grado di fare diagnosi con un sistema "black box" | GE10: Questa sezione è facoltativa, per valutare quanto gli LLM sono in grado di fare diagnosi con un sistema "black box" | GF10: Questa sezione è facoltativa, per valutare quanto gli LLM sono in grado di fare diagnosi con un sistema "black box" | GG10: Questa sezione è facoltativa, per valutare quanto gli LLM sono in grado di fare diagnosi con un sistema "black box" | GH10: Questa sezione è facoltativa, per valutare quanto gli LLM sono in grado di fare diagnosi con un sistema "black box" | GI10: Questa sezione è facoltativa, per valutare quanto gli LLM sono in grado di fare diagnosi con un sistema "black box" | GJ10: Questa sezione è facoltativa, per valutare quanto gli LLM sono in grado di fare diagnosi con un sistema "black box" | GK10: Questa sezione è facoltativa, per valutare quanto gli LLM sono in grado di fare diagnosi con un sistema "black box" | GL10: Questa sezione è facoltativa, per valutare quanto gli LLM sono in grado di fare diagnosi con un sistema "black box" | GM10: Questa sezione è facoltativa, per valutare quanto gli LLM sono in grado di fare diagnosi con un sistema "black box" | GN10: Questa sezione è facoltativa, per valutare quanto gli LLM sono in grado di fare diagnosi con un sistema "black box" | GO10: Questa sezione è facoltativa, per valutare quanto gli LLM sono in grado di fare diagnosi con un sistema "black box" | GP10: Questa sezione è facoltativa, per valutare quanto gli LLM sono in grado di fare diagnosi con un sistema "black box" | GQ10: Questa sezione è facoltativa, per valutare quanto gli LLM sono in grado di fare diagnosi con un sistema "black box" | GR10: Questa sezione è facoltativa, per valutare quanto gli LLM sono in grado di fare diagnosi con un sistema "black box" | GS10: Questa sezione è facoltativa, per valutare quanto gli LLM sono in grado di fare diagnosi con un sistema "black box"
A11: Regole di estrazione | C11: - valore_temperatura_massima: Estrai il valore numerico più alto registrato (float). Se si parla di "febbre" o "picco febbrile" senza specificare i gradi, scrivi "non specificato". Se il paziente è afebbrile, scrivi null. - presenza_febbre: Rispondi "si" se c'è febbre/febbricola o se viene riportato un picco. Rispondi "no" se il paziente è esplicitamente afebbrile o sfebbrato. Rispondi "non specificato" se non ci sono informazioni. | F11: - presenza_ipotermia: Rispondi "si" se la temperatura scende sotto i 36.5°C o se viene esplicitamente descritto uno stato di ipotermia/raffreddamento del neonato. Rispondi "no" se la temperatura è >= 36.5°C o se il neonato è definito normotermico. Rispondi "non specificato" se non ci sono dati sulla temperatura. - valore_temperatura_minima: Estrai il valore numerico (float) di temperatura più basso registrato nel testo. Se si parla di "ipotermia" senza specificare i gradi, scrivi "non specificato". Se il parametro è assente, scrivi null.
A12: Esempio 1 | C12: Testo: "Nel corso della notte riscontrata febbricola (37.6°C), poi picco febbrile a 38.9°C alle ore 04:00. Somministrato paracetamolo." Output JSON: { "presenza_febbre": "si", "valore_temperatura_massima": 38.9 } | F12: Testo: "Neonato di 12 giorni, giunto in termoculla. Al controllo dei parametri si evidenzia ipotermia marcata con TC a 35.2°C. Avviate manovre di riscaldamento graduale." Output JSON: { "presenza_ipotermia": "si", "valore_temperatura_minima": 35.2 }
A13: Esempio 2 | C13: Testo: "Paziente instabile, brivido scuotente e picco febbrile in serata. Eseguiti emocolture da CVC e da periferico." Output JSON: { "presenza_febbre": "si", "valore_temperatura_massima": "non specificato" } | F13: Testo: "Paziente di 5 giorni di vita, algido, scarsamente reattivo agli stimoli, ipotermico. Si posiziona sotto lampada radiante in attesa di esami ematochimici." Output JSON: { "presenza_ipotermia": "si", "valore_temperatura_minima": "non specificato" }
A14: Esempio 3 | C14: Testo: "Buone condizioni generali, ferita chirurgica pulita. Il paziente è attualmente sfebbrato e asintomatico." Output JSON: { "presenza_febbre": "no", "valore_temperatura_massima": null } | F14: Testo: "Controllo clinico a 48 ore dalla nascita. Il neonato presenta palpebre edematose ma parametri vitali stabili: FC 140 bpm, TC 36.8°C. Cute rosea e calda." Output JSON: { "presenza_ipotermia": "no", "valore_temperatura_minima": null }

Sheet Definizioni testuale per fare d
A1: Tipo di batteriemia | B1: Definizione testuale
A2: BSI | B2: "Categorise as adult BSI case any non-neonate patient with: 1) One positive blood culture for a recognised pathogen OR patient has at least one of the following signs or symptoms: fever (>38°C), chills, or hypotension AND two positive blood cultures for a common skin contaminant8 (from two separate blood samples, usually within 48 hours)." fonte Definizione BSI PPS ECDC
A3: CA-BSI | B3: BSI che non rientra nella definizione di HA-BSI
A4: HA-BSI | B4: "A BSI case is considered healthcare-associated (HA-BSI) when it meets any of the following criteria: - Day 3 onwards (with day of admission being Day 1) OR - Day 1 or Day 2 AND patient discharged from healthcare facility in preceding 48 hours. OR - Day 1 or Day 2 AND patient has relevant device inserted on this admission prior to onset. OR - Day 1 or Day 2 in newborns delivered in hospital." Fonte ECDC PPS
A5: NEO-LCBI | B5: "NEO-LCBI – for BSI in neonatal patients (less than 1 month from birth) with positive microbiology (excluding coagulase-negative staphylococci). Categorise as NEO-LCBI case neonate patient with: - At least two of: temperature >38°C or <36.5°C or temperature instability, tachycardia or bradycardia, apnoea, extended capillary refilling time (CRT), metabolic acidosis, hyperglycaemia, other sign of BSI such as apathy; AND - A recognised pathogen other than coagulase-negative staphylococci (CNS) cultured from blood or cerebrospinal fluid (CSF; this is included because meningitis in this age group is usually haematogenous, so positive CSF can be regarded as evidence of BSI even if blood cultures are negative or were not taken)." Fonte ECDC PPS
A6: NEO-CNSB | B6: "NEO-CNSB - for BSI in neonatal patients (less than 1 month from birth) with coagulase-negative staphylococci detection. Categorise as NEO-CNSB case neonate patient with: - At least two of: temperature > 38°C or < 36.5°C or temperature instability, tachycardia or bradycardia, apnoea, extended capillary refilling time, metabolic acidosis, hyperglycaemia, other sign of BSI such as apathy; AND - CNS is cultured from blood or catheter tip; AND - Patient has one of: C-reactive protein > 2.0 mg/dL, immature/total neutrophil ratio (I/T ratio) > 0.2, leukocytes < 5/nL, platelets < 100/nL. If both the case definitions for NEO-LCBI and NEO-CNSB are matched, report NEO-LCBI." Fonte ECDC PPS
A7: NEO-HA | B7: "A BSI case is considered healthcare-associated (HA-BSI) when it meets any of the following criteria: - Day 1 or Day 2 in newborns delivered in hospital." Fonte ECDC PPS
A8: NEO-CA | B8: BSI che non rientra nella definizione di HA-BSI
A9: CRI3-CVC | B9: "CRI3-CVC/CRI3-PVC9: Catheter related with cultural isolation of the same microorganism. More specifically: BSI occurring 48 hours before or after catheter removal AND positive culture with the same microorganism of quantitative CVC/PVC culture ≥ 10^3 CFU/ml or semi-quantitative CVC/PVC culture > 15 CFU; OR BSI occurring with or without catheter removal, AND: CVC-related if at least one of: quantitative blood culture ratio of CVC blood sample/peripheral blood sample > 5; differential delay of positivity of blood cultures: CVC blood sample culture positive two hours or more before peripheral blood culture (blood samples drawn at the same time); positive culture with the same microorganism from pus from CVC insertion site. PVC-related if positive culture with the same microorganism from pus from insertion site." Fonte ECDC PPS
A10: CRI3-PVC | B10: "CRI3-CVC/CRI3-PVC9: Catheter related with cultural isolation of the same microorganism. More specifically: BSI occurring 48 hours before or after catheter removal AND positive culture with the same microorganism of quantitative CVC/PVC culture ≥ 103 CFU/ml or semi-quantitative CVC/PVC culture > 15 CFU; OR BSI occurring with or without catheter removal, AND: CVC-related if at least one of: quantitative blood culture ratio of CVC blood sample/peripheral blood sample > 5; differential delay of positivity of blood cultures: CVC blood sample culture positive two hours or more before peripheral blood culture (blood samples drawn at the same time); positive culture with the same microorganism from pus from CVC insertion site. PVC-related if positive culture with the same microorganism from pus from insertion site." Fonte ECDC PPS
A11: C-CVC | B11: "C-CVC/C-PVC: Catheter related due to clinical suspicion (e.g., symptoms improve within 48 hours after catheter removal) AND no microbiological confirmation." Fonte ECDC PPS
A12: C-PVC | B12: "C-CVC/C-PVC: Catheter related due to clinical suspicion (e.g., symptoms improve within 48 hours after catheter removal) AND no microbiological confirmation." Fonte ECDC PPS
... A24: OTHUNK | B24: Infection is associated with other origin or unknown. The category ‘other origin or unknown’ can be used, for example, for infections with an onset after day 2 of the current hospitalisation for which the association is not clear.

Sheet RULES_CASE_DEF
A1: Codice Diagnosi | B1: Età paziente | C1: Emocolture Positive (Patogeno Riconosciuto) | D1: Emocolture Positive (Contaminante Cutaneo) | E1: Coltura su liquido cerebrospinale | F1: Coltura su punta catetere | G1: Sintomi (Febbre/Brividi/IpoTens) | H1: Sintomi (Febbre/Ipotermia/Temp.instabile/tachicardia/bradicardia/apnea/aum.CRT/acidosi met/iperglicemia/apatia/altri) | I1: Marcatori di laboratorio (C-reactive protein > 2.0 mg/dL, immature/total neutrophil ratio (I/T ratio) > 0.2, leukocytes < 5/nL, platelets < 100/nL)
A2: BSI-ADULT | B2: >= 30 gg | C2: >= 1 | D2: - | E2: - | F2: - | G2: - | H2: - | I2: -
A3: BSI-ADULT | B3: >= 30 gg | C3: 0 | D3: >=2 (di solito entro 48h) | E3: - | F3: - | G3: >= 1 segno | H3: - | I3: -
A4: NEO-LCBI | B4: < 30 gg | C4: >= 1 (NON CNS) | D4: - | E4: - | F4: - | G4: - | H4: >= 2 | I4: -
A5: NEO-LCBI | B5: < 30 gg | C5: - | D5: - | E5: >=1 (NON CNS) | F5: - | G5: - | H5: >= 2 | I5: -
A6: NEO-CNSB | B6: < 30 gg | C6: - | D6: >=1 (SOLO CNS) | E6: - | F6: - | G6: - | H6: >= 2 | I6: >= 1
A7: NEO-CNSB | B7: < 30 gg | C7: - | D7: - | E7: - | F7: >=1 (SOLO CNS) | G7: - | H7: >= 2 | I7: >= 1

Sheet RULES_ORIGIN
A1: Codice Origine | B1: Giorni da Ammissione (Day 1=Ammissione) | C1: Dimesso da altra struttura (intervallo <48h dal ricovero) | D1: Dispositivo invasivo inserito | E1: Nato in ospedale?
A2: HA-BSI | B2: >=3 | C2: - | D2: - | E2: -
A3: HA-BSI | B3: <3 | C3: SI | D3: - | E3: -
A4: HA-BSI | B4: <3 | C4: - | D4: SI (prima dell'insorgenza dei sintomi) | E4: -
A5: NEO-HA | B5: <3 | C5: - | D5: - | E5: SI (neonati)
A6: CA-BSI | B6: <3 | C6: NO | D6: NO | E6: NO

Sheet RULES_SOURCE
A1: Codice Fonte | B1: Condizione Microbiologica | C1: Condizione Temporale Rimozione | D1: Presenza Catetere | E1: Condizione Clinica
A2: CRI3-CVC | B2: Isolato stesso microrganismo (positive culture with the same microorganism of quantitative CVC culture ≥ 10^3 CFU/ml) | C2: BSI entro 48h prima o dopo la rimozione | D2: - | E2: -
A3: CRI3-CVC | B3: Isolato stesso microrganismo (positive culture with the same microorganism of semi-quantitative CVC culture > 15 CFU) | C3: BSI entro 48h prima o dopo la rimozione | D3: - | E3: -
A4: CRI3-CVC | B4: Quantitative blood culture ratio of CVC blood sample/peripheral blood sample > 5 | C4: - | D4: CVC presente | E4: -
A5: CRI3-CVC | B5: DTP (Differential Time Positivity) > 2h | C5: - | D5: CVC presente | E5: -
A6: CRI3-CVC | B6: positive culture with the same microorganism from pus from CVC insertion site. | C6: - | D6: CVC presente | E6: -
A7: CRI3-PVC | B7: Isolato stesso microrganismo (Sangue & Pus dal sito di inserzione PVC) | C7: - | D7: - | E7: -
A8: C-CVC | B8: (Negativa o non fatta) | C8: BSI entro 48h da rimozione | D8: CVC presente | E8: Sintomi migliorano entro 48h da rimozione
A9: C-PVC | B9: (Negativa o non fatta) | C9: BSI entro 48h da rimozione | D9: PVC presente | E9: Sintomi migliorano entro 48h da rimozione
A10: S-PUL | B10: Viene isolato lo stesso microrganismo (Sangue & polmonare) | C10: - | D10: - | E10: -
A11: S-PUL | B11: - | C11: - | D11: - | E11: strong clinical evidence exists that bloodstream infection was secondary to another infection site, invasive diagnostic procedure or foreign body
A12: S-UTI | B12: Viene isolato lo stesso microrganismo (Sangue & urinary tract infection) | C12: - | D12: - | E12: -
... A22: SCONOSCIUTA | B22: (Nessun match) | C22: (Nessun match) | D22: - | E22: Nessuna delle precedenti

Sheet RULES_SETTING
A1: Codice setting | B1: Condizione setting
A2: CURR | B2: Infection is associated with (CURR) current hospital
A3: OHOSP | B3: Infection is associated with another hospital. Infections present at admission may be associated with a previous stay in your hospital or a transfer from another healthcare facility.
A4: LTCF | B4: Infection is associated with a long-term care facility. Infections present at admission may be associated with a previous stay in your hospital or a transfer from another healthcare facility.
A5: OTHUNK | B5: Infection is associated with other origin or unknown. The category ‘other origin or unknown’ can be used, for example, for infections with an onset after day 2 of the current hospitalisation for which the association is not clear.

Sheet Entity Definition
A1: Entity | B1: Definition | C1: Source (link)
A2: Age > or = 30 days | B2: At the time of symptom onset (if symptoms are absent: at the time of blood culture collection)
A3: Blood cultures + for recognized pathogens | B3: The laboratory reports positive blood cultures with the identification of a pathogen that is not among the following: coagulase-negative staphylococci, Micrococcus sp., Propionibacterium acnes, Bacillus sp., Corynebacterium sp. | C3: PPS3
A4: Fever | B4: Elevation of body temperature above normal values (generally considered ≥ 38°C), often in response to an infection or inflammation. | C4: Febbre - Malattie infettive - Manuali MSD Edizione Professionisti
A5: Chills | B5: Sensation of cold accompanied by involuntary and rhythmic shivering of the muscles, generated by the body to increase body temperature (often precedes high fever). | C5: Chills: MedlinePlus Medical Encyclopedia
A6: Hypotension | B6: Abnormally low blood pressure (generally < 90/60 mmHg in adults), which can cause insufficient blood flow to vital organs (shock). | C6: Low blood pressure (hypotension) - Symptoms and causes - Mayo Clinic
A7: Skin contaminants | B7: coagulase-negative staphylococci, Micrococcus sp., Propionibacterium acnes, Bacillus sp. ,Corynebacterium sp. | C7: PPS3
A8: Hypothermia (neonates) | B8: Core temperature < 36.5°C. | C8: Neonatal hypothermia and adherence to World Health Organisation thermal care guidelines among newborns at Moi Teaching and Referral Hospital, Kenya
A9: Unstable temperature (neonates) | B9: Disordered thermoregulation characterized by an impaired ability to maintain a balance between heat production and heat loss, with resulting instability of body temperature | C9: Temperature instability (Concept Id: C1820737) - MedGen - NCBI
A10: Tachycardia (neonates) | B10: Heart Rate > 160 bpm (Advanced Paediatric Life Support – manual) | C10: ResearchGate
A11: Bradycardia (neonates) | B11: HR < 100 bpm (Advanced Paediatric Life Support – manual) | C11: ResearchGate
A12: Apnea (neonates) | B12: Apnea of infancy is defined as an unexplained episode of cessation of breathing lasting 20 seconds or longer, or a shorter respiratory pause associated with bradycardia, cyanosis, pallor, and/or marked hypotonia. | C12: Infant Apnea - StatPearls - NCBI Bookshelf
A13: Cyanosis (neonates) | B13: Central: Visible bluish discoloration of the tongue and mucous membranes, corresponding to arterial saturation (SpO₂) < 80–85% or > 3 g/dL of deoxygenated hemoglobin. Peripheral: (Acrocyanosis) Blue hands/feet only; often normal in first 24-48h. Central cyanosis is never normal; it implies cardiac or respiratory failure. Peripheral cyanosis is often benign (cold stress) unless associated with shock | C13: Approach to the Cyanotic Infant | Clinical Guidelines in Neonatology | AccessPediatrics | McGraw Hill Medical
A14: Pallor (neonates) | B14: Abnormal paleness of the skin and mucous membranes (lips, gums) caused by reduced oxyhemoglobin or vasoconstriction. | C14: MT2017-04-016-ZINNA.pdf
... A19: Apathy | B19: Lethargic or listless babies appear to have little or no energy. They are drowsy or sluggish. They may also sleep longer than usual. They may be hard to wake for feedings and, even when awake, are not alert or attentive to sounds and visual cues. | C19: Behavior Changes - Stanford Medicine Children's Health
A20: Miglioramento clinico dopo rimozione catetere | B20: A 48h dalla rimozione del catetere dobbiamo avere almeno uno di: 1) passaggio da febbre ad apiretico; 2) scoparsa di eritema in sede di inserzione; 3) scomparsa di pus in sito di inserzione
